,school,sex,age,address,fa2ize,Pstatus,Medu,Fedu,Mjob,Fjob,reason,guardian,traveltime,studytime,failures,schoolsup,fa2up,paid,activities,nursery,higher,internet,romantic,famrel,freetime,goout,Dalc,Walc,health,absences,G1,G2,G3,Final Grade
0,1,F,18,Urban,Greater than 3,Apart,4,4,at_home,teacher,course,mother,15 Minutes to 30 Minutes to An Hour0 Minutes,2 to 5 hours,0,yes,no,no,no,yes,yes,no,no,Very Good,Moderate,4,1,1,Fair,6,5,6,6,Fail
1,1,F,17,Urban,Greater than 3,Living Together,1,1,at_home,other,course,father,Less than 15 Minutes,2 to 5 hours,0,no,yes,no,no,no,yes,yes,no,Excellent,Moderate,3,1,1,Fair,4,5,5,6,Fail
2,1,F,15,Urban,Less or Equal to 3,Living Together,1,1,at_home,other,other,mother,Less than 15 Minutes,2 to 5 hours,3,yes,no,yes,no,yes,yes,yes,no,Very Good,Moderate,2,2,3,Fair,10,7,8,10,Pass
3,1,F,15,Urban,Greater than 3,Living Together,4,2,health,services,home,mother,Less than 15 Minutes,5 to 10 hours,0,no,yes,yes,yes,yes,yes,yes,yes,Good,Low,2,1,1,Very Good,2,15,14,15,Pass
4,1,F,16,Urban,Greater than 3,Living Together,3,3,other,other,home,father,Less than 15 Minutes,2 to 5 hours,0,no,yes,yes,no,yes,yes,no,no,Very Good,Moderate,2,1,2,Very Good,4,6,10,10,Pass
5,1,M,16,Urban,Less or Equal to 3,Living Together,4,3,services,other,reputation,mother,Less than 15 Minutes,2 to 5 hours,0,no,yes,yes,yes,yes,yes,yes,no,Excellent,High,2,1,2,Very Good,10,15,15,15,Pass
6,1,M,16,Urban,Less or Equal to 3,Living Together,2,2,other,other,home,mother,Less than 15 Minutes,2 to 5 hours,0,no,no,no,no,yes,yes,yes,no,Very Good,High,4,1,1,Fair,0,12,12,11,Pass
7,1,F,17,Urban,Greater than 3,Apart,4,4,other,teacher,home,mother,15 Minutes to 30 Minutes to An Hour0 Minutes,2 to 5 hours,0,yes,yes,no,no,yes,yes,no,no,Very Good,Very Low,4,1,1,Very Bad,6,6,5,6,Fail
8,1,M,15,Urban,Less or Equal to 3,Apart,3,2,services,other,home,mother,Less than 15 Minutes,2 to 5 hours,0,no,yes,yes,no,yes,yes,yes,no,Very Good,Low,2,1,1,Very Bad,0,16,18,19,Pass
9,1,M,15,Urban,Greater than 3,Living Together,3,4,other,other,home,mother,Less than 15 Minutes,2 to 5 hours,0,no,yes,yes,yes,yes,yes,yes,no,Excellent,Very High,1,1,1,Very Good,0,14,15,15,Pass
10,1,F,15,Urban,Greater than 3,Living Together,4,4,teacher,health,reputation,mother,Less than 15 Minutes,2 to 5 hours,0,no,yes,yes,no,yes,yes,yes,no,Good,Moderate,3,1,2,Bad,0,10,8,9,Fail
11,1,F,15,Urban,Greater than 3,Living Together,2,1,services,other,reputation,father,30 Minutes to An Hour,5 to 10 hours,0,no,yes,no,yes,yes,yes,yes,no,Excellent,Low,2,1,1,Good,4,10,12,12,Pass
12,1,M,15,Urban,Less or Equal to 3,Living Together,4,4,health,services,course,father,Less than 15 Minutes,Less than 2 to 5 hours hours,0,no,yes,yes,yes,yes,yes,yes,no,Very Good,Moderate,3,1,3,Very Good,2,14,14,14,Pass
13,1,M,15,Urban,Greater than 3,Living Together,4,3,teacher,other,course,mother,15 Minutes to 30 Minutes to An Hour0 Minutes,2 to 5 hours,0,no,yes,yes,no,yes,yes,yes,no,Excellent,High,3,1,2,Fair,2,10,10,11,Pass
14,1,M,15,Urban,Greater than 3,Apart,2,2,other,other,home,other,Less than 15 Minutes,5 to 10 hours,0,no,yes,no,no,yes,yes,yes,yes,Very Good,Very High,2,1,1,Fair,0,14,16,16,Pass
15,1,F,16,Urban,Greater than 3,Living Together,4,4,health,other,home,mother,Less than 15 Minutes,Less than 2 to 5 hours hours,0,no,yes,no,no,yes,yes,yes,no,Very Good,High,4,1,2,Bad,4,14,14,14,Pass
16,1,F,16,Urban,Greater than 3,Living Together,4,4,services,services,reputation,mother,Less than 15 Minutes,5 to 10 hours,0,no,yes,yes,yes,yes,yes,yes,no,Good,Low,3,1,2,Bad,6,13,14,14,Pass
17,1,F,16,Urban,Greater than 3,Living Together,3,3,other,other,reputation,mother,30 Minutes to An Hour,2 to 5 hours,0,yes,yes,no,yes,yes,yes,no,no,Excellent,Moderate,2,1,1,Good,4,8,10,10,Pass
18,1,M,17,Urban,Greater than 3,Living Together,3,2,services,services,course,mother,Less than 15 Minutes,Less than 2 to 5 hours hours,3,no,yes,no,yes,yes,yes,yes,no,Excellent,Very High,5,2,4,Very Good,16,6,5,5,Fail
19,1,M,16,Urban,Less or Equal to 3,Living Together,4,3,health,other,home,father,Less than 15 Minutes,Less than 2 to 5 hours hours,0,no,no,yes,yes,yes,yes,yes,no,Good,Very Low,3,1,3,Very Good,4,8,10,10,Pass
20,1,M,15,Urban,Greater than 3,Living Together,4,3,teacher,other,reputation,mother,Less than 15 Minutes,2 to 5 hours,0,no,no,no,no,yes,yes,yes,no,Very Good,High,1,1,1,Very Bad,0,13,14,15,Pass
21,1,M,15,Urban,Greater than 3,Living Together,4,4,health,health,other,father,Less than 15 Minutes,Less than 2 to 5 hours hours,0,no,yes,yes,no,yes,yes,yes,no,Excellent,High,2,1,1,Very Good,0,12,15,15,Pass
22,1,M,16,Urban,Less or Equal to 3,Living Together,4,2,teacher,other,course,mother,Less than 15 Minutes,2 to 5 hours,0,no,no,no,yes,yes,yes,yes,no,Very Good,Very High,1,1,3,Very Good,2,15,15,16,Pass
23,1,M,16,Urban,Less or Equal to 3,Living Together,2,2,other,other,reputation,mother,15 Minutes to 30 Minutes to An Hour0 Minutes,2 to 5 hours,0,no,yes,no,yes,yes,yes,yes,no,Excellent,High,4,2,4,Very Good,0,13,13,12,Pass
24,1,F,15,Rural,Greater than 3,Living Together,2,4,services,health,course,mother,Less than 15 Minutes,5 to 10 hours,0,yes,yes,yes,yes,yes,yes,yes,no,Very Good,Moderate,2,1,1,Very Good,2,10,9,8,Fail
25,1,F,16,Urban,Greater than 3,Living Together,2,2,services,services,home,mother,Less than 15 Minutes,Less than 2 to 5 hours hours,2,no,yes,yes,no,no,yes,yes,no,Very Bad,Low,2,1,3,Very Good,14,6,9,8,Fail
26,1,M,15,Urban,Greater than 3,Living Together,2,2,other,other,home,mother,Less than 15 Minutes,Less than 2 to 5 hours hours,0,no,yes,yes,no,yes,yes,yes,no,Very Good,Low,2,1,2,Very Good,2,12,12,11,Pass
27,1,M,15,Urban,Greater than 3,Living Together,4,2,health,services,other,mother,Less than 15 Minutes,Less than 2 to 5 hours hours,0,no,no,yes,no,yes,yes,yes,no,Bad,Low,4,2,4,Very Bad,4,15,16,15,Pass
28,1,M,16,Urban,Less or Equal to 3,Apart,3,4,services,other,home,mother,Less than 15 Minutes,2 to 5 hours,0,yes,yes,no,yes,yes,yes,yes,no,Excellent,Moderate,3,1,1,Very Good,4,11,11,11,Pass
29,1,M,16,Urban,Greater than 3,Living Together,4,4,teacher,teacher,home,mother,Less than 15 Minutes,2 to 5 hours,0,no,yes,yes,yes,yes,yes,yes,yes,Very Good,High,5,5,5,Very Good,16,10,12,11,Pass
30,1,M,15,Urban,Greater than 3,Living Together,4,4,health,services,home,mother,Less than 15 Minutes,2 to 5 hours,0,no,yes,yes,no,no,yes,yes,no,Excellent,High,2,3,4,Very Good,0,9,11,12,Pass
31,1,M,15,Urban,Greater than 3,Living Together,4,4,services,services,reputation,mother,15 Minutes to 30 Minutes to An Hour0 Minutes,2 to 5 hours,0,no,yes,no,yes,yes,yes,yes,no,Very Good,Moderate,1,1,1,Very Good,0,17,16,17,Pass
32,1,M,15,Rural,Greater than 3,Living Together,4,3,teacher,at_home,course,mother,Less than 15 Minutes,2 to 5 hours,0,no,yes,no,yes,yes,yes,yes,yes,Very Good,Very High,2,1,1,Very Good,0,17,16,16,Pass
33,1,M,15,Urban,Less or Equal to 3,Living Together,3,3,other,other,course,mother,Less than 15 Minutes,2 to 5 hours,0,no,no,no,yes,no,yes,yes,no,Excellent,Moderate,2,1,1,Bad,0,8,10,12,Pass
34,1,M,16,Urban,Greater than 3,Living Together,3,2,other,other,home,mother,Less than 15 Minutes,Less than 2 to 5 hours hours,0,no,yes,yes,no,no,yes,yes,no,Excellent,High,3,1,1,Very Good,0,12,14,15,Pass
35,1,F,15,Urban,Greater than 3,Living Together,2,3,other,other,other,father,15 Minutes to 30 Minutes to An Hour0 Minutes,Less than 2 to 5 hours hours,0,no,yes,no,yes,yes,yes,no,no,Good,Very High,1,1,1,Very Good,0,8,7,6,Fail
36,1,M,15,Urban,Less or Equal to 3,Living Together,4,3,teacher,services,home,mother,Less than 15 Minutes,5 to 10 hours,0,no,yes,no,yes,yes,yes,yes,no,Excellent,High,3,1,1,Good,2,15,16,18,Pass
37,1,M,16,Rural,Greater than 3,Apart,4,4,other,teacher,reputation,mother,15 Minutes to 30 Minutes to An Hour0 Minutes,5 to 10 hours,0,no,yes,no,yes,yes,yes,yes,yes,Bad,High,3,1,1,Very Good,7,15,16,15,Pass
38,1,F,15,Rural,Greater than 3,Living Together,3,4,services,health,course,mother,Less than 15 Minutes,5 to 10 hours,0,yes,yes,yes,yes,yes,yes,yes,no,Very Good,Moderate,2,1,1,Very Good,2,12,12,11,Pass
39,1,F,15,Rural,Greater than 3,Living Together,2,2,at_home,other,reputation,mother,Less than 15 Minutes,Less than 2 to 5 hours hours,0,yes,yes,yes,yes,yes,yes,no,no,Very Good,Moderate,1,1,1,Bad,8,14,13,13,Pass
40,1,F,16,Urban,Less or Equal to 3,Living Together,2,2,other,other,home,mother,15 Minutes to 30 Minutes to An Hour0 Minutes,2 to 5 hours,1,no,yes,no,yes,no,yes,yes,yes,Good,Moderate,3,1,2,Fair,25,7,10,11,Pass
41,1,M,15,Urban,Less or Equal to 3,Living Together,4,4,teacher,other,home,other,Less than 15 Minutes,Less than 2 to 5 hours hours,0,no,yes,no,no,no,yes,yes,yes,Excellent,High,3,2,4,Very Good,8,12,12,12,Pass
42,1,M,15,Urban,Greater than 3,Living Together,4,4,services,teacher,course,father,Less than 15 Minutes,2 to 5 hours,0,no,yes,no,yes,yes,yes,yes,no,Very Good,Moderate,3,1,1,Very Good,2,19,18,18,Pass
43,1,M,15,Urban,Greater than 3,Living Together,2,2,services,services,course,father,Less than 15 Minutes,Less than 2 to 5 hours hours,0,yes,yes,no,no,yes,yes,yes,no,Excellent,High,1,1,1,Very Bad,0,8,8,11,Pass
44,1,F,16,Urban,Less or Equal to 3,Living Together,2,2,other,at_home,course,father,15 Minutes to 30 Minutes to An Hour0 Minutes,2 to 5 hours,1,yes,no,no,yes,yes,yes,yes,no,Very Good,Moderate,3,2,2,Very Good,14,10,10,9,Fail
45,1,F,15,Urban,Less or Equal to 3,Apart,4,3,other,other,course,mother,Less than 15 Minutes,2 to 5 hours,0,yes,yes,yes,yes,yes,yes,yes,yes,Excellent,Low,2,1,1,Very Good,8,8,8,6,Fail
46,1,F,16,Urban,Less or Equal to 3,Apart,3,3,other,services,home,mother,Less than 15 Minutes,2 to 5 hours,0,no,yes,no,no,yes,yes,yes,no,Bad,Moderate,5,1,4,Fair,12,11,12,11,Pass
47,1,M,16,Urban,Greater than 3,Living Together,4,3,health,services,reputation,mother,Less than 15 Minutes,More than 10 hours,0,no,no,no,yes,yes,yes,yes,no,Very Good,Low,2,1,1,Bad,4,19,19,20,Pass
48,1,M,15,Urban,Greater than 3,Living Together,4,2,teacher,other,home,mother,Less than 15 Minutes,2 to 5 hours,0,no,yes,yes,no,yes,yes,no,no,Very Good,Moderate,3,2,2,Very Good,2,15,15,14,Pass
49,1,F,15,Urban,Greater than 3,Living Together,4,4,services,teacher,other,father,Less than 15 Minutes,2 to 5 hours,1,yes,yes,no,yes,no,yes,yes,no,Very Good,High,4,1,1,Fair,2,7,7,7,Fail
50,1,F,16,Urban,Less or Equal to 3,Living Together,2,2,services,services,course,mother,30 Minutes to An Hour,2 to 5 hours,0,no,yes,yes,no,yes,yes,yes,no,Very Good,Moderate,3,2,3,Good,2,12,13,13,Pass
51,1,F,15,Urban,Less or Equal to 3,Living Together,4,2,health,other,other,mother,Less than 15 Minutes,2 to 5 hours,0,no,yes,yes,no,yes,yes,yes,no,Very Good,Moderate,3,1,1,Very Good,2,11,13,13,Pass
52,1,M,15,Urban,Less or Equal to 3,Apart,4,2,health,health,other,father,15 Minutes to 30 Minutes to An Hour0 Minutes,Less than 2 to 5 hours hours,1,no,no,no,no,yes,yes,no,no,Excellent,Very High,5,3,4,Very Good,6,11,11,10,Pass
53,1,F,15,Urban,Greater than 3,Living Together,4,4,services,services,course,mother,Less than 15 Minutes,Less than 2 to 5 hours hours,0,yes,yes,yes,no,yes,yes,yes,no,Good,Moderate,4,2,3,Very Good,0,8,10,11,Pass
54,1,F,15,Urban,Less or Equal to 3,Apart,3,3,other,other,other,mother,Less than 15 Minutes,Less than 2 to 5 hours hours,0,no,no,yes,no,yes,yes,yes,no,Excellent,Moderate,4,4,4,Very Bad,6,10,13,13,Pass
55,1,F,16,Urban,Greater than 3,Apart,2,1,other,other,other,mother,Less than 15 Minutes,2 to 5 hours,0,no,no,yes,yes,yes,yes,yes,yes,Excellent,Moderate,4,1,1,Bad,8,8,9,10,Pass
56,1,F,15,Urban,Greater than 3,Apart,4,3,services,services,reputation,mother,Less than 15 Minutes,2 to 5 hours,0,no,yes,yes,yes,yes,yes,yes,no,Very Good,Moderate,2,1,1,Very Bad,0,14,15,15,Pass
57,1,M,15,Urban,Greater than 3,Living Together,4,4,teacher,health,reputation,mother,Less than 15 Minutes,2 to 5 hours,0,no,yes,no,yes,yes,yes,no,no,Good,Low,2,1,1,Very Good,4,14,15,15,Pass
58,1,M,15,Urban,Less or Equal to 3,Living Together,1,2,other,at_home,home,father,Less than 15 Minutes,2 to 5 hours,0,yes,yes,no,yes,yes,yes,yes,no,Very Good,Moderate,2,1,1,Very Good,2,9,10,9,Fail
59,1,F,16,Urban,Greater than 3,Living Together,4,2,services,other,course,mother,Less than 15 Minutes,2 to 5 hours,0,no,yes,no,no,yes,yes,yes,no,Very Good,Low,3,1,1,Very Good,2,15,16,16,Pass
60,1,F,16,Rural,Greater than 3,Living Together,4,4,health,teacher,other,mother,Less than 15 Minutes,2 to 5 hours,0,no,yes,no,yes,yes,yes,no,no,Bad,High,4,2,3,Good,6,10,11,11,Pass
61,1,F,16,Urban,Greater than 3,Living Together,1,1,services,services,course,father,More than an Hour,Less than 2 to 5 hours hours,0,yes,yes,no,yes,no,yes,yes,yes,Excellent,Very High,5,5,5,Very Good,6,10,8,11,Pass
62,1,F,16,Urban,Less or Equal to 3,Living Together,1,2,other,services,reputation,father,Less than 15 Minutes,2 to 5 hours,0,yes,no,no,yes,yes,yes,yes,no,Very Good,High,3,1,1,Very Bad,4,8,10,9,Fail
63,1,F,16,Urban,Greater than 3,Living Together,4,3,teacher,health,home,mother,Less than 15 Minutes,5 to 10 hours,0,yes,yes,yes,yes,yes,yes,yes,no,Good,High,4,2,4,Good,2,10,9,9,Fail
64,1,F,15,Urban,Less or Equal to 3,Living Together,4,3,services,services,reputation,father,Less than 15 Minutes,2 to 5 hours,0,yes,no,no,yes,yes,yes,yes,yes,Very Good,High,4,2,4,Bad,0,10,10,10,Pass
65,1,F,16,Urban,Less or Equal to 3,Living Together,4,3,teacher,services,course,mother,30 Minutes to An Hour,2 to 5 hours,0,no,yes,no,yes,yes,yes,yes,no,Excellent,High,3,1,2,Very Bad,2,16,15,15,Pass
66,1,M,15,Urban,Greater than 3,Apart,4,4,other,services,reputation,mother,Less than 15 Minutes,More than 10 hours,0,no,yes,no,yes,no,yes,yes,yes,Very Bad,Moderate,3,5,5,Fair,4,13,13,12,Pass
67,1,F,16,Urban,Greater than 3,Living Together,3,1,services,other,course,mother,Less than 15 Minutes,More than 10 hours,0,yes,yes,yes,no,yes,yes,yes,no,Very Good,Moderate,3,1,2,Very Good,4,7,7,6,Fail
68,1,F,15,Rural,Less or Equal to 3,Living Together,2,2,health,services,reputation,mother,15 Minutes to 30 Minutes to An Hour0 Minutes,2 to 5 hours,0,yes,yes,yes,no,yes,yes,yes,no,Very Good,Very Low,3,1,3,Good,2,8,9,8,Fail
69,1,F,15,Rural,Less or Equal to 3,Living Together,3,1,other,other,reputation,father,15 Minutes to 30 Minutes to An Hour0 Minutes,More than 10 hours,0,no,yes,no,no,no,yes,yes,no,Very Good,High,2,2,3,Fair,12,16,16,16,Pass
70,1,M,16,Urban,Greater than 3,Living Together,3,1,other,other,reputation,father,15 Minutes to 30 Minutes to An Hour0 Minutes,More than 10 hours,0,no,yes,yes,no,yes,yes,yes,no,Very Good,Moderate,2,1,1,Very Good,0,13,15,15,Pass
71,1,M,15,Urban,Greater than 3,Living Together,4,2,other,other,course,mother,Less than 15 Minutes,More than 10 hours,0,no,no,no,no,yes,yes,yes,no,Good,Moderate,3,1,1,Fair,0,10,10,10,Pass
72,1,F,15,Rural,Greater than 3,Living Together,1,1,other,other,reputation,mother,Less than 15 Minutes,2 to 5 hours,2,yes,yes,no,no,no,yes,yes,yes,Good,Moderate,4,2,4,Very Good,2,8,6,5,Fail
73,1,M,16,Urban,Greater than 3,Living Together,3,1,other,other,reputation,mother,Less than 15 Minutes,Less than 2 to 5 hours hours,0,no,no,no,yes,yes,yes,no,no,Excellent,Moderate,2,2,2,Very Good,2,12,12,14,Pass
74,1,F,16,Urban,Greater than 3,Living Together,3,3,other,services,home,mother,Less than 15 Minutes,2 to 5 hours,0,yes,yes,yes,yes,yes,yes,yes,no,Very Good,Moderate,3,2,4,Very Good,54,11,12,11,Pass
75,1,M,15,Urban,Greater than 3,Living Together,4,3,teacher,other,home,mother,Less than 15 Minutes,2 to 5 hours,0,no,yes,yes,yes,yes,yes,yes,no,Very Good,Moderate,3,2,3,Very Good,6,9,9,10,Pass
76,1,M,15,Urban,Greater than 3,Living Together,4,0,teacher,other,course,mother,15 Minutes to 30 Minutes to An Hour0 Minutes,More than 10 hours,0,no,no,no,yes,yes,yes,yes,no,Good,High,3,1,1,Very Bad,8,11,11,10,Pass
77,1,F,16,Urban,Greater than 3,Living Together,2,2,other,other,reputation,mother,Less than 15 Minutes,More than 10 hours,0,no,no,yes,no,yes,yes,yes,yes,Excellent,Low,3,1,3,Fair,0,11,11,11,Pass
78,1,M,17,Urban,Greater than 3,Living Together,2,1,other,other,home,mother,15 Minutes to 30 Minutes to An Hour0 Minutes,Less than 2 to 5 hours hours,3,yes,yes,no,yes,yes,no,yes,no,Very Good,Very High,1,1,1,Fair,2,8,8,10,Pass
79,1,F,16,Urban,Greater than 3,Living Together,3,4,at_home,other,course,mother,Less than 15 Minutes,2 to 5 hours,0,no,yes,no,no,yes,yes,yes,no,Bad,High,3,1,2,Fair,12,5,5,5,Fail
80,1,M,15,Urban,Greater than 3,Living Together,2,3,other,services,course,father,Less than 15 Minutes,Less than 2 to 5 hours hours,0,yes,yes,yes,yes,no,yes,yes,yes,Good,Low,2,1,3,Fair,2,10,12,12,Pass
81,1,M,15,Urban,Greater than 3,Living Together,2,3,other,other,home,mother,Less than 15 Minutes,5 to 10 hours,0,yes,no,yes,no,no,yes,yes,no,Excellent,Moderate,2,1,2,Very Good,4,11,10,11,Pass
82,1,F,15,Urban,Less or Equal to 3,Living Together,3,2,services,other,reputation,mother,Less than 15 Minutes,2 to 5 hours,0,no,yes,yes,no,yes,yes,yes,no,Very Good,High,4,1,1,Very Good,10,7,6,6,Fail
83,1,M,15,Urban,Less or Equal to 3,Living Together,2,2,services,services,home,mother,15 Minutes to 30 Minutes to An Hour0 Minutes,2 to 5 hours,0,no,no,yes,yes,yes,yes,yes,no,Excellent,Moderate,3,1,3,Good,4,15,15,15,Pass
84,1,F,15,Urban,Greater than 3,Living Together,1,1,other,other,home,father,Less than 15 Minutes,2 to 5 hours,0,no,yes,no,yes,no,yes,yes,no,Very Good,Moderate,2,2,3,Good,2,9,10,10,Pass
85,1,F,15,Urban,Greater than 3,Living Together,4,4,services,services,reputation,father,15 Minutes to 30 Minutes to An Hour0 Minutes,2 to 5 hours,2,no,no,yes,no,yes,yes,yes,yes,Very Good,High,4,2,3,Very Good,6,7,9,8,Fail
86,1,F,16,Urban,Less or Equal to 3,Living Together,2,2,at_home,other,course,mother,Less than 15 Minutes,2 to 5 hours,0,no,yes,no,no,yes,yes,no,no,Very Good,Moderate,4,1,2,Bad,4,8,7,6,Fail
87,1,F,15,Urban,Greater than 3,Living Together,4,2,other,other,reputation,mother,Less than 15 Minutes,5 to 10 hours,0,no,yes,no,yes,yes,yes,yes,no,Excellent,Moderate,3,1,3,Very Bad,4,13,14,14,Pass
88,1,M,16,Urban,Greater than 3,Living Together,2,2,services,other,reputation,father,15 Minutes to 30 Minutes to An Hour0 Minutes,2 to 5 hours,1,no,no,yes,yes,no,yes,yes,no,Very Good,High,2,1,1,Fair,12,11,10,10,Pass
89,1,M,16,Urban,Less or Equal to 3,Apart,4,4,teacher,health,reputation,mother,Less than 15 Minutes,2 to 5 hours,0,no,yes,no,no,yes,yes,no,no,Very Good,Very Low,3,3,5,Very Good,18,8,6,7,Fail
90,1,F,16,Urban,Greater than 3,Living Together,3,3,other,other,home,mother,Less than 15 Minutes,5 to 10 hours,0,no,yes,yes,no,yes,yes,yes,yes,Very Good,Moderate,3,1,3,Good,0,7,7,8,Fail
91,1,F,15,Urban,Greater than 3,Living Together,4,3,services,other,reputation,mother,Less than 15 Minutes,Less than 2 to 5 hours hours,0,no,no,yes,yes,yes,yes,yes,no,Very Good,Very High,5,1,3,Very Bad,4,16,17,18,Pass
92,1,F,16,Urban,Less or Equal to 3,Living Together,3,1,other,other,home,father,Less than 15 Minutes,2 to 5 hours,0,yes,yes,no,no,yes,yes,no,no,Good,Moderate,3,2,3,Bad,4,7,6,6,Fail
93,1,F,16,Urban,Greater than 3,Living Together,4,2,teacher,services,home,mother,15 Minutes to 30 Minutes to An Hour0 Minutes,2 to 5 hours,0,no,yes,yes,yes,yes,yes,yes,no,Excellent,Moderate,3,1,1,Very Bad,0,11,10,10,Pass
94,1,M,15,Urban,Less or Equal to 3,Living Together,2,2,services,health,reputation,mother,Less than 15 Minutes,More than 10 hours,0,no,yes,no,yes,yes,yes,yes,no,Very Good,Moderate,4,1,1,Good,6,11,13,14,Pass
95,1,F,15,Rural,Greater than 3,Living Together,1,1,at_home,other,home,mother,15 Minutes to 30 Minutes to An Hour0 Minutes,More than 10 hours,1,yes,yes,yes,yes,yes,yes,yes,no,Good,Very Low,2,1,1,Very Bad,2,7,10,10,Pass
96,1,M,16,Rural,Greater than 3,Living Together,4,3,services,other,reputation,mother,15 Minutes to 30 Minutes to An Hour0 Minutes,Less than 2 to 5 hours hours,0,yes,yes,no,yes,no,yes,yes,no,Good,Moderate,3,1,1,Good,2,11,15,15,Pass
97,1,F,16,Urban,Greater than 3,Living Together,2,1,other,other,course,mother,Less than 15 Minutes,2 to 5 hours,0,no,yes,yes,no,yes,yes,no,yes,Very Good,Moderate,5,1,1,Very Good,2,8,9,10,Pass
98,1,F,16,Urban,Greater than 3,Living Together,4,4,other,other,reputation,mother,Less than 15 Minutes,Less than 2 to 5 hours hours,0,no,no,no,yes,no,yes,yes,no,Excellent,Moderate,4,1,2,Very Bad,6,11,14,14,Pass
99,1,F,16,Urban,Greater than 3,Living Together,4,3,other,at_home,course,mother,Less than 15 Minutes,5 to 10 hours,0,yes,yes,yes,no,yes,yes,yes,no,Excellent,Moderate,5,1,1,Fair,0,7,9,8,Fail
100,1,M,16,Urban,Greater than 3,Living Together,4,4,services,services,other,mother,Less than 15 Minutes,Less than 2 to 5 hours hours,0,yes,yes,yes,yes,yes,yes,yes,no,Very Good,Very High,5,5,5,Good,14,7,7,5,Fail
101,1,M,16,Urban,Greater than 3,Living Together,4,4,services,teacher,other,father,Less than 15 Minutes,5 to 10 hours,0,no,yes,no,yes,yes,yes,yes,yes,Very Good,High,3,1,1,Good,0,16,17,17,Pass
102,1,M,15,Urban,Greater than 3,Living Together,4,4,services,other,course,mother,Less than 15 Minutes,Less than 2 to 5 hours hours,0,no,yes,no,yes,no,yes,yes,no,Excellent,Moderate,3,1,1,Very Good,4,10,13,14,Pass
103,1,F,15,Urban,Greater than 3,Living Together,3,2,services,other,home,mother,15 Minutes to 30 Minutes to An Hour0 Minutes,2 to 5 hours,0,yes,yes,yes,no,yes,yes,yes,no,Very Good,Moderate,5,1,1,Bad,26,7,6,6,Fail
104,1,M,15,Urban,Greater than 3,Apart,3,4,services,other,course,mother,Less than 15 Minutes,2 to 5 hours,0,no,yes,yes,yes,yes,yes,yes,no,Excellent,High,4,1,1,Very Bad,0,16,18,18,Pass
105,1,F,15,Urban,Greater than 3,Apart,3,3,other,health,reputation,father,Less than 15 Minutes,More than 10 hours,0,yes,no,no,no,yes,yes,no,no,Very Good,Moderate,3,1,1,Good,10,10,11,11,Pass
106,1,F,15,Urban,Greater than 3,Living Together,2,2,other,other,course,mother,Less than 15 Minutes,More than 10 hours,0,yes,yes,yes,no,yes,yes,yes,no,Excellent,Very Low,2,1,1,Fair,8,7,8,8,Fail
107,1,M,16,Urban,Greater than 3,Living Together,3,3,services,other,home,father,Less than 15 Minutes,5 to 10 hours,0,no,yes,no,yes,yes,yes,yes,no,Excellent,Moderate,3,1,1,Very Good,2,16,18,18,Pass
108,1,M,15,Rural,Greater than 3,Living Together,4,4,other,other,home,father,More than an Hour,More than 10 hours,0,no,yes,yes,yes,yes,yes,yes,yes,Very Bad,Moderate,5,3,5,Very Bad,6,10,13,13,Pass
109,1,F,16,Urban,Less or Equal to 3,Living Together,4,4,health,health,other,mother,Less than 15 Minutes,5 to 10 hours,0,no,yes,yes,yes,yes,yes,yes,yes,Excellent,High,5,1,1,Good,4,14,15,16,Pass
110,1,M,15,Urban,Less or Equal to 3,Apart,4,4,teacher,teacher,course,mother,Less than 15 Minutes,Less than 2 to 5 hours hours,0,no,no,no,yes,yes,yes,yes,no,Excellent,Very High,3,1,1,Good,6,18,19,19,Pass
111,1,F,16,Rural,Greater than 3,Living Together,3,3,services,other,reputation,father,Less than 15 Minutes,5 to 10 hours,1,yes,yes,no,yes,yes,yes,yes,no,Very Good,Very Low,2,1,1,Bad,0,7,10,10,Pass
112,1,F,16,Urban,Greater than 3,Living Together,2,2,at_home,other,home,mother,Less than 15 Minutes,2 to 5 hours,1,yes,no,no,yes,yes,yes,yes,no,Good,Very Low,2,1,1,Very Good,6,10,13,13,Pass
113,1,M,15,Urban,Less or Equal to 3,Living Together,4,2,teacher,other,course,mother,Less than 15 Minutes,Less than 2 to 5 hours hours,0,no,no,no,no,yes,yes,yes,no,Good,Very High,2,1,1,Fair,10,18,19,19,Pass
114,1,M,15,Rural,Greater than 3,Living Together,2,1,health,services,reputation,mother,Less than 15 Minutes,2 to 5 hours,0,no,no,no,yes,yes,yes,yes,yes,Excellent,High,2,1,1,Very Good,8,9,9,9,Fail
115,1,M,16,Urban,Greater than 3,Living Together,4,4,teacher,teacher,course,father,Less than 15 Minutes,2 to 5 hours,0,no,yes,no,yes,yes,yes,yes,no,Excellent,High,4,1,2,Very Good,2,15,15,16,Pass
116,1,M,15,Urban,Greater than 3,Living Together,4,4,other,teacher,reputation,father,15 Minutes to 30 Minutes to An Hour0 Minutes,2 to 5 hours,0,no,yes,no,yes,yes,yes,no,no,Very Good,High,3,1,1,Bad,2,11,13,14,Pass
117,1,M,16,Urban,Greater than 3,Living Together,3,3,other,services,home,father,15 Minutes to 30 Minutes to An Hour0 Minutes,Less than 2 to 5 hours hours,0,no,no,no,yes,yes,yes,yes,no,Excellent,High,2,1,1,Very Good,0,13,14,13,Pass
118,1,M,17,Rural,Greater than 3,Living Together,1,3,other,other,course,father,30 Minutes to An Hour,2 to 5 hours,1,no,yes,no,yes,yes,yes,yes,no,Excellent,Low,4,1,4,Very Good,20,9,7,8,Fail
119,1,M,15,Urban,Greater than 3,Living Together,3,4,other,other,reputation,father,Less than 15 Minutes,Less than 2 to 5 hours hours,0,no,no,no,no,yes,yes,yes,no,Good,High,3,1,2,Good,6,14,13,13,Pass
120,1,F,15,Urban,Greater than 3,Living Together,1,2,at_home,services,course,mother,Less than 15 Minutes,2 to 5 hours,0,no,no,no,no,no,yes,yes,no,Good,Low,3,1,2,Very Bad,2,16,15,15,Pass
121,1,M,15,Urban,Greater than 3,Living Together,2,2,services,services,home,father,Less than 15 Minutes,More than 10 hours,0,no,yes,yes,yes,yes,yes,yes,no,Excellent,Very High,4,1,2,Very Good,6,16,14,15,Pass
122,1,F,16,Urban,Less or Equal to 3,Living Together,2,4,other,health,course,father,15 Minutes to 30 Minutes to An Hour0 Minutes,2 to 5 hours,0,no,yes,yes,yes,yes,yes,yes,yes,Very Good,Low,2,1,2,Very Good,2,13,13,13,Pass
123,1,M,16,Urban,Greater than 3,Living Together,4,4,health,other,course,mother,Less than 15 Minutes,Less than 2 to 5 hours hours,0,no,yes,no,yes,yes,yes,yes,no,Good,High,4,1,4,Very Good,18,14,11,13,Pass
124,1,F,16,Urban,Greater than 3,Living Together,2,2,other,other,home,mother,Less than 15 Minutes,2 to 5 hours,0,no,no,yes,no,yes,yes,yes,yes,Excellent,High,4,1,1,Very Good,0,8,7,8,Fail
125,1,M,15,Urban,Greater than 3,Living Together,3,4,services,services,home,father,Less than 15 Minutes,Less than 2 to 5 hours hours,0,yes,no,no,no,yes,yes,yes,no,Excellent,Very High,5,3,2,Very Good,0,13,13,12,Pass
126,1,F,15,Urban,Less or Equal to 3,Apart,3,4,other,other,home,mother,Less than 15 Minutes,2 to 5 hours,0,yes,no,no,yes,yes,yes,yes,yes,Excellent,Moderate,2,1,1,Very Bad,0,7,10,11,Pass
127,1,F,19,Urban,Greater than 3,Living Together,0,1,at_home,other,course,other,Less than 15 Minutes,2 to 5 hours,3,no,yes,no,no,no,no,no,no,Good,High,2,1,1,Very Good,2,7,8,9,Fail
128,1,M,18,Rural,Greater than 3,Living Together,2,2,services,other,reputation,mother,Less than 15 Minutes,Less than 2 to 5 hours hours,2,no,yes,no,yes,yes,yes,yes,no,Good,Moderate,3,1,2,Good,0,7,4,0,Fail
129,1,M,16,Rural,Greater than 3,Living Together,4,4,teacher,teacher,course,mother,Less than 15 Minutes,Less than 2 to 5 hours hours,0,no,no,yes,yes,yes,yes,yes,no,Good,Very High,5,2,5,Good,8,18,18,18,Pass
130,1,F,15,Rural,Greater than 3,Living Together,3,4,services,teacher,course,father,15 Minutes to 30 Minutes to An Hour0 Minutes,5 to 10 hours,2,no,yes,no,no,yes,yes,yes,yes,Very Good,Low,2,2,2,Very Good,0,12,0,0,Fail
131,1,F,15,Urban,Greater than 3,Living Together,1,1,at_home,other,course,mother,30 Minutes to An Hour,Less than 2 to 5 hours hours,0,no,yes,no,yes,no,yes,yes,yes,Very Good,Moderate,3,1,2,Good,0,8,0,0,Fail
132,1,F,17,Urban,Less or Equal to 3,Living Together,2,2,other,other,course,father,Less than 15 Minutes,Less than 2 to 5 hours hours,0,no,yes,no,no,yes,yes,yes,yes,Good,High,4,1,3,Very Good,12,10,13,12,Pass
133,1,F,16,Urban,Greater than 3,Apart,3,4,services,other,course,father,Less than 15 Minutes,Less than 2 to 5 hours hours,0,no,no,no,no,yes,yes,yes,no,Good,Low,1,1,4,Very Good,16,12,11,11,Pass
134,1,M,15,Rural,Greater than 3,Living Together,3,4,at_home,teacher,course,mother,More than an Hour,2 to 5 hours,0,no,yes,no,no,yes,yes,no,yes,Excellent,Moderate,3,1,1,Very Good,0,9,0,0,Fail
135,1,F,15,Urban,Greater than 3,Living Together,4,4,services,at_home,course,mother,Less than 15 Minutes,5 to 10 hours,0,no,yes,no,yes,yes,yes,yes,yes,Very Good,Moderate,3,1,1,Very Good,0,11,0,0,Fail
136,1,M,17,Rural,Greater than 3,Living Together,3,4,at_home,other,course,mother,30 Minutes to An Hour,2 to 5 hours,0,no,no,no,no,yes,yes,no,no,Excellent,High,5,2,4,Very Good,0,10,0,0,Fail
137,1,F,16,Urban,Greater than 3,Apart,3,3,other,other,course,other,15 Minutes to 30 Minutes to An Hour0 Minutes,Less than 2 to 5 hours hours,2,no,yes,no,yes,no,yes,yes,yes,Very Good,Moderate,2,1,1,Very Good,0,4,0,0,Fail
138,1,M,16,Urban,Less or Equal to 3,Living Together,1,1,services,other,course,mother,Less than 15 Minutes,2 to 5 hours,1,no,no,no,no,yes,yes,no,yes,Very Good,High,4,1,3,Very Good,0,14,12,12,Pass
139,1,F,15,Urban,Greater than 3,Living Together,4,4,teacher,teacher,course,mother,15 Minutes to 30 Minutes to An Hour0 Minutes,Less than 2 to 5 hours hours,0,no,no,no,yes,yes,yes,yes,no,Very Good,Moderate,2,1,1,Very Good,0,16,16,15,Pass
140,1,M,15,Urban,Greater than 3,Living Together,4,3,teacher,services,course,father,15 Minutes to 30 Minutes to An Hour0 Minutes,More than 10 hours,0,yes,yes,no,no,yes,yes,yes,no,Bad,Low,2,1,1,Fair,0,7,9,0,Fail
141,1,M,16,Urban,Less or Equal to 3,Living Together,2,2,services,services,reputation,father,15 Minutes to 30 Minutes to An Hour0 Minutes,Less than 2 to 5 hours hours,2,no,yes,no,yes,yes,yes,yes,no,Bad,Moderate,3,2,2,Bad,8,9,9,9,Fail
142,1,F,15,Urban,Greater than 3,Living Together,4,4,teacher,services,course,mother,Less than 15 Minutes,5 to 10 hours,0,no,yes,yes,yes,yes,yes,yes,no,Very Good,Low,2,1,1,Very Good,2,9,11,11,Pass
143,1,F,16,Urban,Less or Equal to 3,Living Together,1,1,at_home,at_home,course,mother,Less than 15 Minutes,Less than 2 to 5 hours hours,0,no,no,no,no,yes,yes,yes,no,Good,High,4,3,3,Very Bad,2,14,14,13,Pass
144,1,M,17,Urban,Greater than 3,Living Together,2,1,other,other,home,mother,Less than 15 Minutes,Less than 2 to 5 hours hours,3,no,yes,no,no,yes,yes,yes,no,Excellent,High,5,1,2,Very Good,0,5,0,0,Fail
145,1,F,15,Urban,Greater than 3,Living Together,1,1,other,services,course,father,Less than 15 Minutes,2 to 5 hours,0,no,yes,yes,no,yes,yes,yes,no,Very Good,High,2,1,2,Very Good,0,8,11,11,Pass
146,1,F,15,Urban,Greater than 3,Living Together,3,2,health,services,home,father,Less than 15 Minutes,2 to 5 hours,3,no,yes,no,no,yes,yes,yes,no,Good,Moderate,2,1,1,Fair,0,6,7,0,Fail
147,1,F,15,Urban,Greater than 3,Living Together,1,2,at_home,other,course,mother,Less than 15 Minutes,2 to 5 hours,0,no,yes,yes,no,no,yes,yes,no,Very Good,Moderate,2,1,1,Very Good,2,10,11,11,Pass
148,1,M,16,Urban,Greater than 3,Living Together,4,4,teacher,teacher,course,mother,Less than 15 Minutes,Less than 2 to 5 hours hours,0,no,yes,no,no,yes,no,yes,yes,Good,Moderate,2,2,1,Very Good,0,7,6,0,Fail
149,1,M,15,Urban,Less or Equal to 3,Apart,2,1,services,other,course,mother,More than an Hour,Less than 2 to 5 hours hours,3,no,no,no,no,yes,yes,yes,no,Very Good,Very High,5,2,5,Very Good,0,8,9,10,Pass
150,1,M,18,Urban,Less or Equal to 3,Living Together,1,1,other,other,course,mother,Less than 15 Minutes,Less than 2 to 5 hours hours,3,no,no,no,no,yes,no,yes,yes,Bad,Moderate,5,2,5,Good,0,6,5,0,Fail
151,1,M,16,Urban,Less or Equal to 3,Living Together,2,1,at_home,other,course,mother,Less than 15 Minutes,Less than 2 to 5 hours hours,1,no,no,no,yes,yes,yes,no,yes,Very Good,High,4,3,5,Very Good,6,12,13,14,Pass
152,1,F,15,Rural,Greater than 3,Living Together,3,3,services,services,reputation,other,15 Minutes to 30 Minutes to An Hour0 Minutes,5 to 10 hours,2,no,yes,yes,yes,yes,yes,yes,yes,Very Good,Low,1,2,3,Fair,8,10,10,10,Pass
153,1,M,19,Urban,Greater than 3,Living Together,3,2,services,at_home,home,mother,Less than 15 Minutes,Less than 2 to 5 hours hours,3,no,yes,no,no,yes,no,yes,yes,Very Good,Very High,4,1,1,Good,0,5,0,0,Fail
154,1,F,17,Urban,Greater than 3,Living Together,4,4,other,teacher,course,mother,Less than 15 Minutes,Less than 2 to 5 hours hours,0,yes,yes,no,no,yes,yes,no,yes,Very Good,Low,1,1,1,Good,0,11,11,12,Pass
155,1,M,15,Rural,Greater than 3,Living Together,2,3,at_home,services,course,mother,Less than 15 Minutes,2 to 5 hours,0,yes,no,yes,yes,yes,yes,no,no,Very Good,High,4,1,1,Very Bad,2,11,8,8,Fail
156,1,M,17,Rural,Less or Equal to 3,Living Together,1,2,other,other,reputation,mother,Less than 15 Minutes,Less than 2 to 5 hours hours,0,no,no,no,no,yes,yes,no,no,Bad,Low,2,3,3,Very Good,8,16,12,13,Pass
157,1,F,18,Rural,Greater than 3,Living Together,1,1,at_home,other,course,mother,30 Minutes to An Hour,Less than 2 to 5 hours hours,3,no,yes,no,yes,no,yes,no,no,Excellent,Low,5,1,5,Good,6,9,8,10,Pass
158,1,M,16,Rural,Greater than 3,Living Together,2,2,at_home,other,course,mother,30 Minutes to An Hour,Less than 2 to 5 hours hours,0,no,no,no,no,no,yes,no,no,Very Good,Low,2,1,2,Fair,2,17,15,15,Pass
159,1,M,16,Urban,Greater than 3,Living Together,3,3,other,services,course,father,Less than 15 Minutes,2 to 5 hours,1,no,yes,yes,no,yes,yes,yes,yes,Very Good,Very High,5,4,4,Very Good,4,10,12,12,Pass
160,1,M,17,Rural,Less or Equal to 3,Living Together,2,1,at_home,other,course,mother,15 Minutes to 30 Minutes to An Hour0 Minutes,Less than 2 to 5 hours hours,2,no,no,no,yes,yes,no,yes,yes,Good,Moderate,2,2,2,Very Good,0,7,6,0,Fail
161,1,M,15,Rural,Greater than 3,Living Together,3,2,other,other,course,mother,15 Minutes to 30 Minutes to An Hour0 Minutes,2 to 5 hours,2,yes,yes,no,no,yes,yes,yes,yes,Very Good,High,4,1,4,Fair,6,5,9,7,Fail
162,1,M,16,Urban,Less or Equal to 3,Living Together,1,2,other,other,course,mother,15 Minutes to 30 Minutes to An Hour0 Minutes,Less than 2 to 5 hours hours,1,no,no,no,yes,yes,yes,no,no,Very Good,High,4,2,4,Very Good,0,7,0,0,Fail
163,1,M,17,Urban,Greater than 3,Living Together,1,3,at_home,services,course,father,Less than 15 Minutes,Less than 2 to 5 hours hours,0,no,no,no,no,yes,no,yes,no,Excellent,Moderate,3,1,4,Bad,2,10,10,10,Pass
164,1,M,17,Rural,Less or Equal to 3,Living Together,1,1,other,services,course,mother,More than an Hour,2 to 5 hours,3,no,no,no,yes,yes,no,no,yes,Excellent,Moderate,5,1,5,Very Good,0,5,8,7,Fail
165,1,M,16,Urban,Greater than 3,Living Together,3,2,services,services,course,mother,15 Minutes to 30 Minutes to An Hour0 Minutes,Less than 2 to 5 hours hours,1,no,yes,no,yes,no,no,no,no,Very Good,Very High,2,1,1,Bad,16,12,11,12,Pass
166,1,M,16,Urban,Greater than 3,Living Together,2,2,other,other,course,father,Less than 15 Minutes,2 to 5 hours,0,no,no,no,no,yes,no,yes,no,Very Good,Moderate,5,2,4,Good,4,10,10,10,Pass
167,1,F,16,Urban,Greater than 3,Living Together,4,2,health,services,home,father,Less than 15 Minutes,2 to 5 hours,0,no,no,yes,no,yes,yes,yes,yes,Very Good,Low,3,1,1,Fair,0,14,15,16,Pass
168,1,F,16,Urban,Greater than 3,Living Together,2,2,other,other,home,mother,Less than 15 Minutes,2 to 5 hours,0,no,yes,yes,no,no,yes,yes,no,Excellent,Very Low,5,1,1,Good,0,6,7,0,Fail
169,1,F,16,Urban,Greater than 3,Living Together,4,4,health,health,reputation,mother,Less than 15 Minutes,2 to 5 hours,0,no,yes,yes,no,yes,yes,yes,yes,Very Good,High,2,1,1,Fair,0,14,14,14,Pass
170,1,M,16,Urban,Greater than 3,Living Together,3,4,other,other,course,father,30 Minutes to An Hour,Less than 2 to 5 hours hours,2,no,yes,no,yes,no,yes,yes,no,Good,High,5,2,4,Bad,0,6,5,0,Fail
171,1,M,16,Urban,Greater than 3,Living Together,1,0,other,other,reputation,mother,15 Minutes to 30 Minutes to An Hour0 Minutes,2 to 5 hours,0,no,yes,yes,yes,yes,yes,yes,yes,Very Good,Moderate,2,1,1,Fair,2,13,15,16,Pass
172,1,M,17,Urban,Less or Equal to 3,Living Together,4,4,teacher,other,reputation,mother,Less than 15 Minutes,2 to 5 hours,0,no,yes,yes,yes,yes,yes,yes,no,Very Good,High,4,1,3,Very Good,0,13,11,10,Pass
173,1,F,16,Urban,Greater than 3,Living Together,1,3,at_home,services,home,mother,Less than 15 Minutes,2 to 5 hours,3,no,no,no,yes,no,yes,yes,yes,Very Good,Moderate,5,1,1,Fair,0,8,7,0,Fail
174,1,F,16,Urban,Less or Equal to 3,Living Together,3,3,other,other,reputation,mother,15 Minutes to 30 Minutes to An Hour0 Minutes,2 to 5 hours,0,no,yes,yes,yes,yes,yes,yes,no,Very Good,High,5,1,1,Good,4,10,11,9,Fail
175,1,M,17,Urban,Less or Equal to 3,Living Together,4,3,teacher,other,course,mother,15 Minutes to 30 Minutes to An Hour0 Minutes,2 to 5 hours,0,no,no,yes,yes,yes,yes,yes,no,Very Good,High,4,4,4,Good,4,10,9,9,Fail
176,1,F,16,Urban,Greater than 3,Living Together,2,2,services,other,reputation,mother,15 Minutes to 30 Minutes to An Hour0 Minutes,2 to 5 hours,0,no,no,yes,yes,no,yes,yes,no,Good,High,4,1,4,Very Good,2,13,13,11,Pass
177,1,M,17,Urban,Greater than 3,Living Together,3,3,other,other,reputation,father,Less than 15 Minutes,2 to 5 hours,0,no,no,no,yes,no,yes,yes,no,Very Good,Moderate,4,1,4,Good,4,6,5,6,Fail
178,1,M,16,Rural,Greater than 3,Living Together,4,2,teacher,services,other,mother,Less than 15 Minutes,Less than 2 to 5 hours hours,0,no,yes,no,yes,yes,yes,yes,yes,Very Good,Moderate,3,3,4,Fair,10,10,8,9,Fail
179,1,M,17,Urban,Greater than 3,Living Together,4,3,other,other,course,mother,Less than 15 Minutes,2 to 5 hours,0,no,yes,no,yes,yes,yes,yes,yes,Excellent,Low,3,1,1,Bad,4,10,10,11,Pass
180,1,M,16,Urban,Greater than 3,Living Together,4,3,teacher,other,home,mother,Less than 15 Minutes,2 to 5 hours,0,no,yes,yes,yes,yes,yes,yes,no,Good,High,3,2,3,Fair,10,9,8,8,Fail
181,1,M,16,Urban,Greater than 3,Living Together,3,3,services,other,home,mother,Less than 15 Minutes,2 to 5 hours,0,no,no,yes,yes,yes,yes,yes,yes,Very Good,Low,3,1,2,Fair,2,12,13,12,Pass
182,1,F,17,Urban,Greater than 3,Living Together,2,4,services,services,reputation,father,Less than 15 Minutes,2 to 5 hours,0,no,yes,no,yes,yes,yes,no,no,Excellent,High,2,2,3,Very Good,0,16,17,17,Pass
183,1,F,17,Urban,Less or Equal to 3,Living Together,3,3,other,other,reputation,mother,Less than 15 Minutes,2 to 5 hours,0,no,yes,no,yes,yes,yes,yes,yes,Excellent,Moderate,3,2,3,Very Bad,56,9,9,8,Fail
184,1,F,16,Urban,Greater than 3,Living Together,3,2,other,other,reputation,mother,Less than 15 Minutes,2 to 5 hours,0,no,yes,yes,no,yes,yes,yes,no,Very Bad,Low,2,1,2,Very Bad,14,12,13,12,Pass
185,1,M,17,Urban,Greater than 3,Living Together,3,3,services,services,other,mother,Less than 15 Minutes,2 to 5 hours,0,no,yes,no,yes,yes,yes,yes,yes,Very Good,Moderate,4,2,3,Good,12,12,12,11,Pass
186,1,M,16,Urban,Greater than 3,Living Together,1,2,services,services,other,mother,Less than 15 Minutes,Less than 2 to 5 hours hours,0,no,yes,yes,yes,yes,yes,yes,yes,Good,Moderate,3,1,2,Fair,2,11,12,11,Pass
187,1,M,16,Urban,Less or Equal to 3,Living Together,2,1,other,other,course,mother,Less than 15 Minutes,2 to 5 hours,0,no,no,yes,yes,yes,yes,yes,yes,Very Good,Low,3,1,2,Very Good,0,15,15,15,Pass
188,1,F,17,Urban,Greater than 3,Apart,3,3,health,other,reputation,mother,Less than 15 Minutes,2 to 5 hours,0,no,yes,no,no,no,yes,yes,yes,Good,Moderate,3,1,3,Fair,6,8,7,9,Fail
189,1,M,17,Rural,Greater than 3,Living Together,1,2,at_home,other,home,mother,Less than 15 Minutes,2 to 5 hours,0,no,no,no,no,yes,yes,no,no,Good,Very Low,3,1,5,Fair,4,8,9,10,Pass
190,1,F,16,Urban,Greater than 3,Living Together,2,3,services,services,course,mother,Less than 15 Minutes,2 to 5 hours,0,no,no,no,no,yes,yes,yes,no,Very Good,Moderate,3,1,1,Bad,10,11,12,13,Pass
191,1,F,17,Urban,Greater than 3,Living Together,1,1,at_home,services,course,mother,Less than 15 Minutes,2 to 5 hours,0,no,no,no,yes,yes,yes,yes,no,Excellent,Moderate,3,1,1,Fair,0,8,8,9,Fail
192,1,M,17,Urban,Greater than 3,Living Together,1,2,at_home,services,other,other,15 Minutes to 30 Minutes to An Hour0 Minutes,2 to 5 hours,0,no,no,yes,yes,no,yes,yes,no,Very Good,High,4,4,5,Very Good,12,7,8,8,Fail
193,1,M,16,Rural,Greater than 3,Living Together,3,3,services,services,reputation,mother,Less than 15 Minutes,Less than 2 to 5 hours hours,0,no,yes,no,yes,yes,yes,yes,no,Very Good,Moderate,2,3,4,Very Good,8,8,9,10,Pass
194,1,M,16,Urban,Greater than 3,Living Together,2,3,other,other,home,father,15 Minutes to 30 Minutes to An Hour0 Minutes,Less than 2 to 5 hours hours,0,no,no,no,no,yes,yes,yes,no,Excellent,Moderate,3,1,1,Fair,0,13,14,14,Pass
195,1,F,17,Urban,Less or Equal to 3,Living Together,2,4,services,services,course,father,Less than 15 Minutes,2 to 5 hours,0,no,no,no,yes,yes,yes,yes,yes,Very Good,Moderate,2,1,1,Very Good,0,14,15,15,Pass
196,1,M,17,Urban,Greater than 3,Living Together,4,4,services,teacher,home,mother,Less than 15 Minutes,Less than 2 to 5 hours hours,0,no,no,no,no,yes,yes,yes,no,Excellent,Low,3,1,2,Very Good,4,17,15,16,Pass
197,1,M,16,Rural,Less or Equal to 3,Living Together,3,3,teacher,other,home,father,30 Minutes to An Hour,Less than 2 to 5 hours hours,0,no,yes,yes,yes,yes,yes,yes,no,Good,Moderate,4,3,5,Fair,8,9,9,10,Pass
198,1,F,17,Urban,Greater than 3,Living Together,4,4,services,teacher,home,mother,15 Minutes to 30 Minutes to An Hour0 Minutes,Less than 2 to 5 hours hours,1,no,yes,no,no,yes,yes,yes,no,Very Good,Low,4,2,3,Bad,24,18,18,18,Pass
199,1,F,16,Urban,Less or Equal to 3,Living Together,4,4,teacher,teacher,reputation,mother,Less than 15 Minutes,2 to 5 hours,0,no,yes,yes,no,yes,yes,yes,no,Very Good,Very High,2,1,2,Fair,0,9,9,10,Pass
200,1,F,16,Urban,Greater than 3,Living Together,4,3,health,other,home,mother,Less than 15 Minutes,2 to 5 hours,0,no,yes,no,yes,yes,yes,yes,no,Very Good,Moderate,5,1,5,Bad,2,16,16,16,Pass
201,1,F,16,Urban,Greater than 3,Living Together,2,3,other,other,reputation,mother,Less than 15 Minutes,2 to 5 hours,0,yes,yes,yes,yes,yes,yes,no,no,Very Good,High,3,1,3,Good,6,8,10,10,Pass
202,1,F,17,Urban,Greater than 3,Living Together,1,1,other,other,course,mother,Less than 15 Minutes,2 to 5 hours,0,no,yes,yes,no,no,yes,no,no,Very Good,High,4,1,3,Very Bad,4,9,9,10,Pass
203,1,F,17,Rural,Greater than 3,Living Together,2,2,other,other,reputation,mother,Less than 15 Minutes,Less than 2 to 5 hours hours,0,no,yes,no,no,yes,yes,yes,no,Excellent,Moderate,2,1,2,Fair,18,7,6,6,Fail
204,1,F,16,Rural,Greater than 3,Living Together,2,2,services,services,reputation,mother,15 Minutes to 30 Minutes to An Hour0 Minutes,More than 10 hours,0,no,yes,yes,yes,no,yes,yes,no,Excellent,Moderate,5,1,1,Very Good,6,10,10,11,Pass
205,1,F,17,Urban,Greater than 3,Living Together,3,4,at_home,services,home,mother,Less than 15 Minutes,5 to 10 hours,1,no,yes,yes,no,yes,yes,yes,yes,Very Good,High,3,3,4,Very Good,28,10,9,9,Fail
206,1,F,16,Urban,Greater than 3,Apart,3,1,services,other,course,mother,Less than 15 Minutes,2 to 5 hours,3,no,yes,yes,no,yes,yes,yes,no,Bad,Moderate,3,2,2,Good,5,7,7,7,Fail
207,1,F,16,Urban,Greater than 3,Living Together,4,3,teacher,other,other,mother,Less than 15 Minutes,2 to 5 hours,0,no,no,yes,yes,yes,yes,yes,yes,Very Bad,Moderate,2,1,1,Very Bad,10,11,12,13,Pass
208,1,F,16,Urban,Greater than 3,Living Together,1,1,at_home,other,home,mother,15 Minutes to 30 Minutes to An Hour0 Minutes,Less than 2 to 5 hours hours,0,no,yes,yes,no,yes,yes,no,no,Very Good,Moderate,2,1,4,Very Good,6,9,9,10,Pass
209,1,F,17,Rural,Greater than 3,Living Together,4,3,teacher,other,reputation,mother,15 Minutes to 30 Minutes to An Hour0 Minutes,5 to 10 hours,0,no,yes,yes,yes,yes,yes,yes,yes,Very Good,High,2,1,1,Good,6,7,7,7,Fail
210,1,F,19,Urban,Greater than 3,Living Together,3,3,other,other,reputation,other,Less than 15 Minutes,More than 10 hours,0,no,yes,yes,yes,yes,yes,yes,no,Very Good,Moderate,3,1,2,Fair,10,8,8,8,Fail
211,1,M,17,Urban,Less or Equal to 3,Living Together,4,4,services,other,home,mother,Less than 15 Minutes,2 to 5 hours,0,no,yes,yes,no,yes,yes,yes,yes,Excellent,Moderate,5,4,5,Fair,13,12,12,13,Pass
212,1,F,16,Urban,Greater than 3,Apart,2,2,other,other,reputation,mother,Less than 15 Minutes,2 to 5 hours,0,yes,yes,yes,no,yes,yes,yes,no,Good,Moderate,4,1,1,Good,0,12,13,14,Pass
213,1,M,18,Urban,Greater than 3,Living Together,2,2,services,other,home,mother,Less than 15 Minutes,2 to 5 hours,1,no,yes,yes,yes,yes,yes,yes,no,Very Good,High,4,2,4,Very Good,15,6,7,8,Fail
214,1,F,17,Rural,Less or Equal to 3,Living Together,4,4,services,other,other,mother,Less than 15 Minutes,Less than 2 to 5 hours hours,0,no,yes,yes,no,yes,yes,no,no,Excellent,Low,1,1,2,Fair,12,8,10,10,Pass
215,1,F,17,Urban,Less or Equal to 3,Living Together,3,2,other,other,reputation,mother,15 Minutes to 30 Minutes to An Hour0 Minutes,2 to 5 hours,0,no,no,yes,no,yes,yes,yes,no,Very Good,High,4,1,3,Very Bad,2,14,15,15,Pass
216,1,F,17,Urban,Greater than 3,Living Together,4,3,other,other,reputation,mother,Less than 15 Minutes,2 to 5 hours,2,no,no,yes,no,yes,yes,yes,yes,Good,High,5,2,4,Very Bad,22,6,6,4,Fail
217,1,M,18,Urban,Less or Equal to 3,Living Together,3,3,services,health,home,father,Less than 15 Minutes,2 to 5 hours,1,no,yes,yes,no,yes,yes,yes,no,Good,Low,4,2,4,Good,13,6,6,8,Fail
218,1,F,17,Urban,Greater than 3,Living Together,2,3,at_home,other,home,father,15 Minutes to 30 Minutes to An Hour0 Minutes,Less than 2 to 5 hours hours,0,no,yes,yes,no,yes,yes,no,no,Good,Moderate,3,1,4,Fair,3,7,7,8,Fail
219,1,F,17,Urban,Greater than 3,Living Together,2,2,at_home,at_home,course,mother,Less than 15 Minutes,5 to 10 hours,0,no,yes,yes,yes,yes,yes,yes,no,Very Good,Moderate,3,1,1,Good,4,9,10,10,Pass
220,1,F,17,Rural,Greater than 3,Living Together,2,1,at_home,services,reputation,mother,15 Minutes to 30 Minutes to An Hour0 Minutes,2 to 5 hours,0,no,yes,no,yes,yes,yes,yes,no,Very Good,Low,5,1,2,Very Good,2,6,6,6,Fail
221,1,F,17,Urban,Greater than 3,Living Together,1,1,at_home,other,reputation,mother,Less than 15 Minutes,5 to 10 hours,1,no,yes,no,yes,yes,yes,no,yes,Very Good,Moderate,4,1,1,Very Good,0,6,5,0,Fail
222,1,F,16,Urban,Greater than 3,Living Together,2,3,services,teacher,other,mother,Less than 15 Minutes,2 to 5 hours,0,yes,no,no,no,yes,yes,yes,no,Bad,Moderate,1,1,1,Fair,2,16,16,17,Pass
223,1,M,18,Urban,Greater than 3,Living Together,2,2,other,other,home,mother,15 Minutes to 30 Minutes to An Hour0 Minutes,2 to 5 hours,0,no,yes,yes,no,yes,yes,yes,no,Good,Moderate,3,5,5,Good,0,12,13,13,Pass
224,1,F,16,Urban,Greater than 3,Living Together,4,4,teacher,services,home,mother,Less than 15 Minutes,5 to 10 hours,0,no,yes,no,yes,no,yes,yes,no,Excellent,Moderate,2,1,1,Very Good,0,13,13,14,Pass
225,1,F,18,Rural,Greater than 3,Living Together,3,1,other,other,reputation,mother,Less than 15 Minutes,2 to 5 hours,1,no,no,no,yes,yes,yes,yes,yes,Excellent,Moderate,3,1,1,Good,16,9,8,7,Fail
226,1,F,17,Urban,Greater than 3,Living Together,3,2,other,other,course,mother,Less than 15 Minutes,2 to 5 hours,0,no,no,no,yes,no,yes,yes,no,Excellent,Moderate,4,1,3,Fair,10,16,15,15,Pass
227,1,M,17,Urban,Less or Equal to 3,Living Together,2,3,services,services,reputation,father,Less than 15 Minutes,2 to 5 hours,0,no,yes,yes,no,no,yes,yes,no,Excellent,Moderate,3,1,3,Fair,2,12,11,12,Pass
228,1,M,18,Urban,Less or Equal to 3,Living Together,2,1,at_home,other,course,mother,More than an Hour,2 to 5 hours,0,yes,yes,yes,yes,yes,yes,yes,yes,Very Good,Moderate,2,4,5,Fair,14,10,8,9,Fail
229,1,F,17,Urban,Greater than 3,Apart,2,1,other,other,course,mother,15 Minutes to 30 Minutes to An Hour0 Minutes,5 to 10 hours,0,no,no,no,yes,yes,yes,yes,yes,Good,Low,3,1,2,Fair,10,12,10,12,Pass
230,1,F,17,Urban,Less or Equal to 3,Living Together,4,3,health,other,reputation,father,Less than 15 Minutes,2 to 5 hours,0,no,no,no,yes,yes,yes,yes,yes,Good,Low,3,1,2,Fair,14,13,13,14,Pass
231,1,M,17,Rural,Greater than 3,Living Together,2,2,other,other,course,father,15 Minutes to 30 Minutes to An Hour0 Minutes,2 to 5 hours,0,no,yes,yes,yes,yes,yes,yes,no,Very Good,Very High,2,1,1,Very Bad,4,11,11,11,Pass
232,1,M,17,Urban,Greater than 3,Living Together,4,4,teacher,teacher,reputation,mother,Less than 15 Minutes,2 to 5 hours,0,yes,yes,no,yes,yes,yes,yes,yes,Very Good,Very High,5,1,3,Bad,14,11,9,9,Fail
233,1,M,16,Urban,Greater than 3,Living Together,4,4,health,other,reputation,father,Less than 15 Minutes,2 to 5 hours,0,no,yes,yes,yes,yes,yes,yes,no,Very Good,Low,4,2,4,Very Bad,2,14,13,13,Pass
234,1,M,16,Urban,Less or Equal to 3,Living Together,1,1,other,other,home,mother,15 Minutes to 30 Minutes to An Hour0 Minutes,2 to 5 hours,0,no,yes,yes,no,yes,yes,yes,no,Good,High,2,1,1,Very Good,18,9,7,6,Fail
235,1,M,16,Urban,Greater than 3,Living Together,3,2,at_home,other,reputation,mother,15 Minutes to 30 Minutes to An Hour0 Minutes,5 to 10 hours,0,no,no,no,yes,yes,yes,yes,yes,Excellent,Moderate,3,1,3,Bad,10,11,9,10,Pass
236,1,M,17,Urban,Less or Equal to 3,Living Together,2,2,other,other,home,father,Less than 15 Minutes,2 to 5 hours,0,no,no,yes,yes,no,yes,yes,yes,Very Good,High,2,5,5,Good,4,14,13,13,Pass
237,1,F,16,Urban,Greater than 3,Living Together,2,1,other,other,home,mother,Less than 15 Minutes,Less than 2 to 5 hours hours,0,no,no,no,no,yes,yes,yes,yes,Very Good,Very High,2,1,1,Very Good,20,13,12,12,Pass
238,1,F,17,Rural,Greater than 3,Living Together,2,1,at_home,services,course,mother,30 Minutes to An Hour,2 to 5 hours,0,no,no,no,yes,yes,yes,no,no,Bad,Very Low,1,1,1,Fair,2,13,11,11,Pass
239,1,M,18,Urban,Greater than 3,Living Together,2,2,other,services,reputation,father,Less than 15 Minutes,2 to 5 hours,1,no,no,no,no,yes,no,yes,no,Excellent,Very High,4,3,5,Bad,0,7,7,0,Fail
240,1,M,17,Urban,Less or Equal to 3,Living Together,4,3,health,other,course,mother,15 Minutes to 30 Minutes to An Hour0 Minutes,2 to 5 hours,0,no,no,no,yes,yes,yes,yes,yes,Bad,Very High,5,1,4,Very Good,14,12,12,12,Pass
241,1,M,17,Rural,Less or Equal to 3,Apart,4,4,teacher,other,course,mother,15 Minutes to 30 Minutes to An Hour0 Minutes,2 to 5 hours,0,no,yes,yes,no,yes,yes,yes,no,Good,Moderate,3,2,3,Good,2,10,11,12,Pass
242,1,M,16,Urban,Less or Equal to 3,Living Together,4,3,teacher,other,course,mother,Less than 15 Minutes,Less than 2 to 5 hours hours,0,no,no,no,yes,no,yes,yes,no,Excellent,High,5,1,1,Fair,0,6,0,0,Fail
243,1,M,16,Urban,Greater than 3,Living Together,4,4,services,services,course,mother,Less than 15 Minutes,Less than 2 to 5 hours hours,0,no,no,no,yes,yes,yes,yes,no,Excellent,Moderate,2,1,2,Very Good,0,13,12,12,Pass
244,1,F,18,Urban,Greater than 3,Living Together,2,1,other,other,course,other,15 Minutes to 30 Minutes to An Hour0 Minutes,5 to 10 hours,0,no,yes,yes,no,no,yes,yes,yes,Very Good,High,4,1,1,Fair,0,7,0,0,Fail
245,1,M,16,Urban,Greater than 3,Living Together,2,1,other,other,course,mother,30 Minutes to An Hour,Less than 2 to 5 hours hours,0,no,no,no,no,yes,yes,yes,no,Very Good,Moderate,3,1,1,Good,6,18,18,18,Pass
246,1,M,17,Urban,Greater than 3,Living Together,2,3,other,other,course,father,15 Minutes to 30 Minutes to An Hour0 Minutes,Less than 2 to 5 hours hours,0,no,no,no,no,yes,yes,yes,no,Excellent,Low,2,1,1,Bad,4,12,12,13,Pass
247,1,M,22,Urban,Greater than 3,Living Together,3,1,services,services,other,mother,Less than 15 Minutes,Less than 2 to 5 hours hours,3,no,no,no,no,no,no,yes,yes,Excellent,High,5,5,5,Very Bad,16,6,8,8,Fail
248,1,M,18,Rural,Less or Equal to 3,Living Together,3,3,other,services,course,mother,Less than 15 Minutes,2 to 5 hours,1,no,yes,no,no,yes,yes,yes,yes,Very Good,Moderate,3,1,3,Very Good,8,3,5,5,Fail
249,1,M,16,Urban,Greater than 3,Living Together,0,2,other,other,other,mother,Less than 15 Minutes,Less than 2 to 5 hours hours,0,no,no,yes,no,no,yes,yes,no,Very Good,Moderate,2,2,4,Very Good,0,13,15,15,Pass
250,1,M,18,Urban,Greater than 3,Living Together,3,2,services,other,course,mother,15 Minutes to 30 Minutes to An Hour0 Minutes,Less than 2 to 5 hours hours,1,no,no,no,no,yes,no,yes,no,Very Good,High,5,2,4,Very Good,0,6,8,8,Fail
251,1,M,16,Urban,Greater than 3,Living Together,3,3,at_home,other,reputation,other,30 Minutes to An Hour,2 to 5 hours,0,yes,yes,no,no,no,yes,yes,no,Excellent,Moderate,3,1,3,Bad,6,7,10,10,Pass
252,1,M,18,Urban,Greater than 3,Living Together,2,1,services,services,other,mother,Less than 15 Minutes,Less than 2 to 5 hours hours,1,no,no,no,no,no,no,yes,no,Good,Low,5,2,5,Very Good,4,6,9,8,Fail
253,1,M,16,Rural,Greater than 3,Living Together,2,1,other,other,course,mother,15 Minutes to 30 Minutes to An Hour0 Minutes,Less than 2 to 5 hours hours,0,no,no,no,yes,no,yes,no,no,Good,Moderate,2,1,3,Fair,0,8,9,8,Fail
254,1,M,17,Rural,Greater than 3,Living Together,2,1,other,other,course,mother,Less than 15 Minutes,Less than 2 to 5 hours hours,0,no,no,no,no,no,yes,yes,no,Very Good,High,2,2,4,Very Good,0,8,12,12,Pass
255,1,M,17,Urban,Less or Equal to 3,Living Together,1,1,health,other,course,mother,15 Minutes to 30 Minutes to An Hour0 Minutes,Less than 2 to 5 hours hours,1,no,yes,no,yes,yes,yes,yes,no,Very Good,High,4,1,2,Very Good,2,7,9,8,Fail
256,1,F,17,Urban,Less or Equal to 3,Living Together,4,2,teacher,services,reputation,mother,Less than 15 Minutes,More than 10 hours,0,no,yes,yes,yes,yes,yes,yes,no,Very Good,Low,3,1,1,Good,6,14,12,13,Pass
257,1,M,19,Urban,Less or Equal to 3,Apart,4,3,services,at_home,reputation,mother,Less than 15 Minutes,2 to 5 hours,0,no,yes,no,no,yes,yes,yes,no,Very Good,Moderate,1,1,1,Very Bad,12,11,11,11,Pass
258,1,M,18,Urban,Greater than 3,Living Together,2,1,other,other,home,mother,Less than 15 Minutes,2 to 5 hours,0,no,no,no,yes,yes,yes,yes,no,Excellent,Low,4,1,2,Good,8,15,14,14,Pass
259,1,F,17,Urban,Less or Equal to 3,Living Together,2,2,services,services,course,father,Less than 15 Minutes,More than 10 hours,0,no,no,yes,yes,yes,yes,yes,yes,Good,High,1,1,1,Bad,0,10,9,0,Fail
260,1,F,18,Urban,Greater than 3,Living Together,4,3,services,other,home,father,Less than 15 Minutes,2 to 5 hours,0,no,yes,yes,no,yes,yes,yes,yes,Good,Very Low,2,1,3,Bad,21,17,18,18,Pass
261,1,M,18,Urban,Greater than 3,Living Together,4,3,teacher,other,course,mother,Less than 15 Minutes,2 to 5 hours,0,no,yes,yes,no,no,yes,yes,no,Very Good,Moderate,2,1,1,Fair,2,8,8,8,Fail
262,1,M,18,Rural,Greater than 3,Living Together,3,2,other,other,course,mother,Less than 15 Minutes,5 to 10 hours,0,no,no,no,yes,no,yes,no,no,Excellent,Moderate,2,1,1,Fair,1,13,12,12,Pass
263,1,F,17,Urban,Greater than 3,Living Together,3,3,other,other,home,mother,Less than 15 Minutes,5 to 10 hours,0,no,no,no,yes,no,yes,no,no,Good,Low,3,1,1,Good,4,10,9,9,Fail
264,1,F,18,Urban,Greater than 3,Living Together,2,2,at_home,services,home,mother,Less than 15 Minutes,5 to 10 hours,0,no,yes,yes,yes,yes,yes,yes,yes,Very Good,Moderate,3,1,1,Fair,0,9,10,0,Fail
265,1,M,18,Rural,Less or Equal to 3,Apart,3,4,other,other,reputation,mother,15 Minutes to 30 Minutes to An Hour0 Minutes,2 to 5 hours,0,no,yes,yes,yes,yes,yes,yes,no,Very Good,Low,5,3,4,Very Bad,13,17,17,17,Pass
266,1,M,17,Urban,Greater than 3,Living Together,3,1,services,other,other,mother,Less than 15 Minutes,2 to 5 hours,0,no,no,yes,yes,yes,yes,yes,yes,Excellent,High,4,3,4,Very Good,2,9,9,10,Pass
267,1,F,18,Rural,Greater than 3,Living Together,4,4,teacher,other,reputation,mother,15 Minutes to 30 Minutes to An Hour0 Minutes,2 to 5 hours,0,no,no,yes,yes,yes,yes,yes,no,Very Good,Moderate,4,2,2,Good,8,12,10,11,Pass
268,1,M,18,Urban,Greater than 3,Living Together,4,2,health,other,reputation,father,Less than 15 Minutes,2 to 5 hours,0,no,yes,yes,yes,yes,yes,yes,yes,Excellent,High,5,1,3,Very Good,10,10,9,10,Pass
269,1,F,18,Rural,Greater than 3,Living Together,2,1,other,other,reputation,mother,15 Minutes to 30 Minutes to An Hour0 Minutes,2 to 5 hours,0,no,yes,no,no,yes,no,yes,yes,Very Good,Moderate,5,1,2,Fair,0,6,0,0,Fail
270,1,F,19,Urban,Greater than 3,Living Together,3,3,other,services,home,other,Less than 15 Minutes,2 to 5 hours,2,no,yes,yes,yes,yes,yes,yes,no,Very Good,Moderate,5,3,3,Very Good,15,9,9,9,Fail
271,1,F,18,Urban,Greater than 3,Living Together,2,3,other,services,reputation,father,Less than 15 Minutes,More than 10 hours,0,no,yes,yes,yes,yes,yes,yes,yes,Very Good,Very High,5,1,3,Bad,4,15,14,14,Pass
272,1,F,18,Urban,Less or Equal to 3,Living Together,1,1,other,other,home,mother,15 Minutes to 30 Minutes to An Hour0 Minutes,2 to 5 hours,0,no,yes,yes,no,no,yes,no,no,Very Good,High,3,1,1,Fair,2,11,11,11,Pass
273,1,M,17,Rural,Greater than 3,Living Together,1,2,at_home,at_home,home,mother,Less than 15 Minutes,2 to 5 hours,0,no,yes,yes,yes,no,yes,no,yes,Good,Very High,2,2,2,Very Bad,2,15,14,14,Pass
274,1,F,17,Urban,Greater than 3,Living Together,2,4,at_home,health,reputation,mother,15 Minutes to 30 Minutes to An Hour0 Minutes,2 to 5 hours,0,no,yes,yes,no,yes,yes,yes,yes,Very Good,Moderate,3,1,1,Very Bad,2,10,10,10,Pass
275,1,F,17,Urban,Less or Equal to 3,Living Together,2,2,services,other,course,mother,15 Minutes to 30 Minutes to An Hour0 Minutes,2 to 5 hours,0,yes,yes,yes,no,yes,yes,yes,yes,Very Good,High,4,2,3,Very Good,6,12,12,12,Pass
276,1,F,18,Rural,Greater than 3,Apart,3,2,other,services,home,mother,15 Minutes to 30 Minutes to An Hour0 Minutes,2 to 5 hours,0,no,no,no,no,no,no,yes,yes,Very Good,Very Low,1,1,1,Very Good,75,10,9,9,Fail
277,1,M,18,Urban,Greater than 3,Living Together,4,4,teacher,services,home,mother,15 Minutes to 30 Minutes to An Hour0 Minutes,Less than 2 to 5 hours hours,0,no,no,yes,yes,yes,yes,yes,no,Good,Low,4,1,4,Fair,22,9,9,9,Fail
278,1,F,18,Urban,Greater than 3,Living Together,4,4,health,health,reputation,father,Less than 15 Minutes,2 to 5 hours,1,yes,yes,no,yes,yes,yes,yes,yes,Bad,High,4,1,1,Good,15,9,8,8,Fail
279,1,M,18,Urban,Less or Equal to 3,Living Together,4,3,teacher,services,course,mother,15 Minutes to 30 Minutes to An Hour0 Minutes,Less than 2 to 5 hours hours,0,no,no,yes,yes,yes,yes,yes,no,Very Good,Low,3,1,2,Very Bad,8,10,11,10,Pass
280,1,M,17,Urban,Less or Equal to 3,Apart,4,1,services,other,home,mother,15 Minutes to 30 Minutes to An Hour0 Minutes,Less than 2 to 5 hours hours,0,no,no,yes,yes,yes,yes,yes,yes,Very Good,Very High,4,2,4,Very Good,30,8,8,8,Fail
281,1,M,17,Urban,Less or Equal to 3,Apart,3,2,teacher,services,home,mother,Less than 15 Minutes,Less than 2 to 5 hours hours,1,no,no,no,no,yes,yes,yes,no,Very Good,High,4,3,4,Fair,19,11,9,10,Pass
282,1,F,18,Rural,Less or Equal to 3,Living Together,1,1,at_home,other,reputation,mother,15 Minutes to 30 Minutes to An Hour0 Minutes,More than 10 hours,0,no,yes,yes,yes,yes,yes,no,no,Excellent,Low,2,1,1,Fair,1,12,12,12,Pass
283,1,F,18,Urban,Greater than 3,Living Together,1,1,other,other,home,mother,15 Minutes to 30 Minutes to An Hour0 Minutes,2 to 5 hours,0,yes,no,no,yes,yes,yes,yes,no,Excellent,High,4,1,1,Good,4,8,9,10,Pass
284,1,F,17,Urban,Greater than 3,Living Together,2,2,other,other,course,mother,Less than 15 Minutes,2 to 5 hours,0,no,yes,no,no,no,yes,yes,no,Excellent,High,5,1,2,Very Good,4,10,9,11,Pass
285,1,M,17,Urban,Greater than 3,Living Together,1,1,other,other,reputation,father,Less than 15 Minutes,2 to 5 hours,0,no,no,yes,no,no,yes,yes,no,Very Good,Moderate,3,1,2,Good,2,12,10,11,Pass
286,1,F,18,Urban,Greater than 3,Living Together,2,2,at_home,at_home,other,mother,Less than 15 Minutes,5 to 10 hours,0,no,yes,yes,no,yes,yes,yes,no,Very Good,Moderate,3,1,2,Bad,5,18,18,19,Pass
287,1,F,17,Urban,Greater than 3,Living Together,1,1,services,teacher,reputation,mother,Less than 15 Minutes,5 to 10 hours,0,no,yes,yes,no,yes,yes,yes,no,Very Good,Moderate,3,1,1,Fair,6,13,12,12,Pass
288,1,M,18,Urban,Greater than 3,Living Together,2,1,services,services,reputation,mother,Less than 15 Minutes,5 to 10 hours,0,no,no,yes,yes,yes,yes,yes,no,Very Good,Low,4,1,3,Bad,6,15,14,14,Pass
289,1,M,18,Urban,Less or Equal to 3,Apart,4,4,teacher,teacher,reputation,mother,Less than 15 Minutes,2 to 5 hours,0,no,yes,yes,yes,yes,yes,yes,no,Excellent,High,3,1,1,Bad,9,15,13,15,Pass
290,1,M,18,Urban,Greater than 3,Living Together,4,2,teacher,other,home,mother,Less than 15 Minutes,2 to 5 hours,0,no,yes,yes,yes,yes,yes,yes,yes,Very Good,Moderate,2,1,4,Very Good,11,12,11,11,Pass
291,1,F,17,Urban,Greater than 3,Living Together,4,3,health,services,reputation,mother,Less than 15 Minutes,5 to 10 hours,0,no,yes,yes,no,yes,yes,yes,no,Very Good,Low,2,1,2,Fair,0,15,15,15,Pass
292,1,F,18,Urban,Less or Equal to 3,Living Together,2,1,services,at_home,reputation,mother,Less than 15 Minutes,2 to 5 hours,1,no,no,no,no,yes,yes,yes,yes,Excellent,High,3,1,1,Very Good,12,12,12,13,Pass
293,1,F,17,Rural,Less or Equal to 3,Living Together,3,1,services,other,reputation,mother,15 Minutes to 30 Minutes to An Hour0 Minutes,More than 10 hours,0,no,yes,yes,no,yes,yes,no,no,Good,Very Low,2,1,1,Fair,6,18,18,18,Pass
294,1,M,18,Rural,Less or Equal to 3,Living Together,3,2,services,other,reputation,mother,15 Minutes to 30 Minutes to An Hour0 Minutes,5 to 10 hours,0,no,yes,yes,yes,yes,yes,yes,no,Excellent,High,2,1,1,Good,8,14,13,14,Pass
295,1,M,17,Urban,Greater than 3,Living Together,3,3,health,other,home,mother,Less than 15 Minutes,Less than 2 to 5 hours hours,0,no,yes,yes,no,yes,yes,yes,no,Very Good,High,3,1,3,Very Good,4,14,12,11,Pass
296,1,F,19,Urban,Greater than 3,Living Together,4,4,health,other,reputation,other,15 Minutes to 30 Minutes to An Hour0 Minutes,2 to 5 hours,0,no,yes,yes,yes,yes,yes,yes,no,Bad,Moderate,4,2,3,Bad,0,10,9,0,Fail
297,1,F,18,Urban,Less or Equal to 3,Living Together,4,3,other,other,home,other,15 Minutes to 30 Minutes to An Hour0 Minutes,2 to 5 hours,0,no,yes,yes,no,yes,yes,yes,yes,Very Good,High,5,1,2,Bad,10,10,8,8,Fail
298,1,F,18,Urban,Greater than 3,Living Together,4,3,other,other,reputation,father,Less than 15 Minutes,More than 10 hours,0,no,yes,yes,no,yes,yes,yes,no,Very Good,Moderate,3,1,1,Fair,0,14,13,14,Pass
299,1,M,18,Urban,Less or Equal to 3,Living Together,4,4,teacher,teacher,home,mother,Less than 15 Minutes,Less than 2 to 5 hours hours,0,no,yes,yes,no,yes,yes,yes,yes,Very Bad,High,2,2,2,Very Bad,5,16,15,16,Pass
300,1,F,18,Urban,Less or Equal to 3,Apart,4,4,health,other,home,mother,Less than 15 Minutes,2 to 5 hours,0,no,yes,no,no,yes,yes,yes,yes,Very Good,Low,4,1,1,Good,14,12,10,11,Pass
301,1,M,17,Urban,Less or Equal to 3,Living Together,4,4,other,teacher,home,father,15 Minutes to 30 Minutes to An Hour0 Minutes,Less than 2 to 5 hours hours,0,no,no,yes,no,yes,yes,yes,no,Very Good,Very Low,1,2,2,Very Good,0,11,11,10,Pass
302,1,F,17,Urban,Greater than 3,Living Together,4,2,other,other,reputation,mother,15 Minutes to 30 Minutes to An Hour0 Minutes,5 to 10 hours,0,no,yes,yes,no,yes,yes,yes,no,Very Good,Moderate,3,1,1,Fair,0,15,12,14,Pass
303,1,F,17,Urban,Greater than 3,Living Together,3,2,health,health,reputation,father,Less than 15 Minutes,More than 10 hours,0,no,yes,yes,yes,no,yes,yes,no,Excellent,Low,2,1,2,Very Good,0,17,17,18,Pass
304,1,M,19,Urban,Greater than 3,Living Together,3,3,other,other,home,other,Less than 15 Minutes,2 to 5 hours,1,no,yes,no,yes,yes,yes,yes,yes,Very Good,High,4,1,1,Fair,20,15,14,13,Pass
305,1,F,18,Urban,Greater than 3,Living Together,2,4,services,at_home,reputation,other,Less than 15 Minutes,2 to 5 hours,1,no,yes,yes,yes,yes,yes,yes,no,Very Good,High,3,1,1,Fair,8,14,12,12,Pass
306,1,M,20,Urban,Greater than 3,Apart,3,2,services,other,course,other,Less than 15 Minutes,Less than 2 to 5 hours hours,0,no,no,no,yes,yes,yes,no,no,Excellent,Very High,3,1,1,Very Good,0,17,18,18,Pass
307,1,M,19,Urban,Greater than 3,Living Together,4,4,teacher,services,reputation,other,15 Minutes to 30 Minutes to An Hour0 Minutes,Less than 2 to 5 hours hours,1,no,yes,yes,no,yes,yes,yes,yes,Very Good,Moderate,4,1,1,Good,38,8,9,8,Fail
308,1,M,19,Rural,Greater than 3,Living Together,3,3,other,services,reputation,father,Less than 15 Minutes,2 to 5 hours,1,no,no,no,yes,yes,yes,no,yes,Very Good,Very High,3,1,2,Very Good,0,15,12,12,Pass
309,1,F,19,Urban,Less or Equal to 3,Living Together,1,1,at_home,other,reputation,other,Less than 15 Minutes,2 to 5 hours,1,yes,yes,no,yes,no,yes,yes,no,Very Good,High,3,1,3,Fair,18,12,10,10,Pass
310,1,F,19,Urban,Less or Equal to 3,Living Together,1,2,services,services,home,other,Less than 15 Minutes,2 to 5 hours,1,no,no,no,yes,no,yes,no,yes,Very Good,Low,4,2,2,Fair,0,9,9,0,Fail
311,1,F,19,Urban,Greater than 3,Living Together,2,1,at_home,other,other,other,30 Minutes to An Hour,2 to 5 hours,0,no,yes,no,no,yes,no,yes,yes,Good,High,1,1,1,Bad,20,14,12,13,Pass
312,1,M,19,Urban,Greater than 3,Living Together,1,2,other,services,course,other,Less than 15 Minutes,2 to 5 hours,1,no,no,no,no,no,yes,yes,no,Very Good,Very High,2,2,2,Good,3,13,11,11,Pass
313,1,F,19,Urban,Less or Equal to 3,Living Together,3,2,services,other,reputation,other,15 Minutes to 30 Minutes to An Hour0 Minutes,2 to 5 hours,1,no,yes,yes,no,no,yes,yes,yes,Very Good,Low,2,1,2,Very Bad,22,13,10,11,Pass
314,1,F,19,Urban,Greater than 3,Living Together,1,1,at_home,health,home,other,Less than 15 Minutes,5 to 10 hours,2,no,no,no,no,no,yes,yes,yes,Very Good,Very Low,2,1,1,Fair,14,15,13,13,Pass
315,1,F,19,Rural,Greater than 3,Living Together,2,3,other,other,reputation,other,Less than 15 Minutes,5 to 10 hours,1,no,no,no,no,yes,yes,yes,yes,Very Good,Very Low,2,1,1,Fair,40,13,11,11,Pass
316,1,F,18,Urban,Greater than 3,Living Together,2,1,services,other,course,mother,15 Minutes to 30 Minutes to An Hour0 Minutes,2 to 5 hours,0,no,yes,yes,yes,yes,yes,yes,no,Excellent,Moderate,3,1,2,Very Bad,0,8,8,0,Fail
317,1,F,18,Urban,Greater than 3,Living Together,4,3,other,other,course,mother,Less than 15 Minutes,5 to 10 hours,0,no,yes,yes,yes,yes,yes,yes,yes,Very Good,Moderate,4,1,1,Very Good,9,9,10,9,Fail
318,1,F,17,Rural,Greater than 3,Living Together,3,4,at_home,services,course,father,Less than 15 Minutes,5 to 10 hours,0,no,yes,yes,yes,no,yes,yes,no,Very Good,Moderate,4,2,5,Very Good,0,11,11,10,Pass
319,1,F,18,Urban,Greater than 3,Living Together,4,4,teacher,other,course,mother,Less than 15 Minutes,2 to 5 hours,0,no,yes,yes,no,yes,yes,yes,no,Very Good,High,4,3,3,Very Good,2,11,11,11,Pass
320,1,F,17,Urban,Greater than 3,Apart,4,3,services,services,course,mother,Less than 15 Minutes,2 to 5 hours,0,no,yes,yes,no,yes,yes,yes,yes,Excellent,Low,2,1,2,Very Good,23,13,13,13,Pass
321,1,F,17,Urban,Greater than 3,Living Together,2,2,other,other,course,mother,Less than 15 Minutes,2 to 5 hours,0,no,yes,no,no,yes,yes,no,yes,Very Good,Low,2,1,1,Fair,12,11,9,9,Fail
322,1,F,17,Rural,Less or Equal to 3,Living Together,2,2,services,services,course,mother,Less than 15 Minutes,5 to 10 hours,0,no,yes,yes,yes,yes,yes,yes,no,Good,Moderate,2,2,2,Fair,3,11,11,11,Pass
323,1,F,17,Urban,Greater than 3,Living Together,3,1,services,services,course,father,Less than 15 Minutes,5 to 10 hours,0,no,yes,no,no,no,yes,yes,no,Good,High,3,2,3,Very Good,1,12,14,15,Pass
324,1,F,17,Urban,Less or Equal to 3,Living Together,0,2,at_home,at_home,home,father,15 Minutes to 30 Minutes to An Hour0 Minutes,5 to 10 hours,0,no,no,no,no,yes,yes,yes,no,Good,Moderate,3,2,3,Bad,0,16,15,15,Pass
325,1,M,18,Urban,Greater than 3,Living Together,4,4,other,other,course,mother,Less than 15 Minutes,5 to 10 hours,0,no,no,no,yes,yes,yes,yes,no,Very Good,Moderate,3,2,2,Fair,3,9,12,11,Pass
326,1,M,17,Urban,Greater than 3,Living Together,3,3,other,services,reputation,mother,Less than 15 Minutes,Less than 2 to 5 hours hours,0,no,no,no,yes,no,yes,yes,no,Very Good,Moderate,5,3,5,Very Good,3,14,15,16,Pass
327,1,M,17,Rural,Greater than 3,Living Together,2,2,services,other,course,mother,More than an Hour,Less than 2 to 5 hours hours,0,no,yes,no,no,yes,yes,yes,no,Very Good,High,5,5,5,Good,8,11,10,10,Pass
328,1,F,17,Urban,Greater than 3,Living Together,4,4,teacher,services,course,mother,Less than 15 Minutes,5 to 10 hours,0,no,yes,yes,yes,yes,yes,yes,no,Excellent,High,4,1,3,Good,7,10,9,9,Fail
329,1,F,17,Urban,Greater than 3,Living Together,4,4,teacher,teacher,course,mother,15 Minutes to 30 Minutes to An Hour0 Minutes,5 to 10 hours,0,no,yes,yes,no,no,yes,yes,yes,Very Good,Moderate,3,1,2,Good,4,14,14,14,Pass
330,1,M,18,Urban,Less or Equal to 3,Living Together,2,2,other,other,course,mother,Less than 15 Minutes,More than 10 hours,0,no,yes,no,yes,yes,yes,yes,no,Very Good,Very High,5,2,4,Very Good,2,9,8,8,Fail
331,1,F,17,Rural,Greater than 3,Living Together,2,4,at_home,other,course,father,Less than 15 Minutes,5 to 10 hours,0,no,yes,no,no,yes,yes,yes,yes,Very Good,High,3,1,1,Very Good,7,12,14,14,Pass
332,1,F,18,Urban,Greater than 3,Living Together,3,3,services,services,home,mother,Less than 15 Minutes,2 to 5 hours,0,no,no,no,yes,yes,yes,yes,no,Excellent,Moderate,4,1,1,Good,0,7,0,0,Fail
333,1,F,18,Urban,Less or Equal to 3,Living Together,2,2,other,other,home,other,Less than 15 Minutes,2 to 5 hours,0,no,no,no,yes,no,yes,yes,yes,Very Good,Moderate,3,1,1,Bad,0,8,8,0,Fail
334,1,F,18,Rural,Greater than 3,Living Together,2,2,at_home,other,course,mother,15 Minutes to 30 Minutes to An Hour0 Minutes,More than 10 hours,0,no,no,no,yes,yes,yes,no,no,Very Good,High,4,1,1,Good,0,10,9,0,Fail
335,1,F,17,Urban,Greater than 3,Living Together,3,4,services,other,course,mother,Less than 15 Minutes,5 to 10 hours,0,no,no,no,no,yes,yes,yes,no,Very Good,High,5,1,3,Very Good,16,16,15,15,Pass
336,1,F,19,Rural,Greater than 3,Apart,3,1,services,at_home,home,other,Less than 15 Minutes,5 to 10 hours,1,no,no,yes,no,yes,yes,no,no,Excellent,High,3,1,2,Very Good,12,14,13,13,Pass
337,1,F,17,Urban,Greater than 3,Living Together,3,2,other,other,home,mother,Less than 15 Minutes,2 to 5 hours,0,no,yes,yes,no,yes,yes,yes,yes,Very Good,Moderate,2,2,3,Bad,0,7,8,0,Fail
338,1,F,18,Urban,Less or Equal to 3,Living Together,3,3,services,services,home,mother,Less than 15 Minutes,More than 10 hours,0,no,yes,no,no,yes,yes,yes,no,Excellent,Moderate,3,1,1,Very Bad,7,16,15,17,Pass
339,1,F,17,Rural,Greater than 3,Apart,3,2,other,other,home,mother,Less than 15 Minutes,2 to 5 hours,0,no,yes,yes,no,yes,yes,yes,no,Very Good,Moderate,3,2,3,Bad,4,9,10,10,Pass
340,1,F,19,Urban,Greater than 3,Living Together,2,1,services,services,home,other,Less than 15 Minutes,5 to 10 hours,1,no,no,yes,yes,yes,yes,yes,yes,Very Good,Moderate,4,1,3,Fair,4,11,12,11,Pass
341,1,M,18,Urban,Greater than 3,Living Together,4,4,teacher,services,home,father,Less than 15 Minutes,2 to 5 hours,1,no,yes,no,yes,yes,yes,yes,no,Very Good,Moderate,3,2,2,Bad,0,10,10,0,Fail
342,1,M,18,Urban,Less or Equal to 3,Living Together,3,4,services,other,home,mother,Less than 15 Minutes,2 to 5 hours,0,no,no,no,yes,yes,yes,yes,yes,Very Good,Moderate,3,1,3,Very Good,11,16,15,15,Pass
343,1,F,17,Urban,Greater than 3,Apart,2,2,at_home,at_home,home,father,Less than 15 Minutes,2 to 5 hours,1,no,yes,no,no,yes,yes,yes,yes,Good,Moderate,1,1,2,Good,0,9,8,0,Fail
344,1,F,18,Urban,Greater than 3,Living Together,2,3,at_home,other,course,mother,Less than 15 Minutes,5 to 10 hours,0,no,yes,no,no,yes,yes,yes,no,Very Good,Moderate,3,1,2,Fair,4,11,10,10,Pass
345,1,F,18,Urban,Greater than 3,Living Together,3,2,other,services,other,mother,Less than 15 Minutes,5 to 10 hours,0,no,no,no,no,yes,yes,yes,yes,Excellent,High,3,2,3,Very Bad,7,13,13,14,Pass
346,1,M,18,Rural,Greater than 3,Living Together,4,3,teacher,services,course,mother,Less than 15 Minutes,5 to 10 hours,0,no,no,no,no,yes,yes,yes,yes,Excellent,Moderate,2,1,2,Good,9,16,15,16,Pass
347,1,M,18,Urban,Greater than 3,Living Together,4,3,teacher,other,course,mother,Less than 15 Minutes,5 to 10 hours,0,no,yes,yes,no,yes,yes,yes,yes,Excellent,High,5,2,3,Very Good,0,10,10,9,Fail
348,1,F,17,Urban,Greater than 3,Living Together,4,3,health,other,reputation,mother,Less than 15 Minutes,5 to 10 hours,0,no,yes,yes,yes,yes,yes,yes,yes,Very Good,High,3,1,3,Good,0,13,15,15,Pass
349,2,M,18,Rural,Greater than 3,Living Together,3,2,other,other,course,mother,15 Minutes to 30 Minutes to An Hour0 Minutes,Less than 2 to 5 hours hours,1,no,yes,no,no,no,yes,yes,no,Bad,Very High,5,5,5,Very Good,10,11,13,13,Pass
350,2,M,19,Rural,Greater than 3,Living Together,1,1,other,services,home,other,30 Minutes to An Hour,2 to 5 hours,3,no,no,no,no,yes,yes,yes,no,Excellent,High,4,3,3,Bad,8,8,7,8,Fail
351,2,M,17,Urban,Greater than 3,Living Together,3,3,health,other,course,mother,15 Minutes to 30 Minutes to An Hour0 Minutes,2 to 5 hours,0,no,yes,yes,no,yes,yes,yes,no,Very Good,Very High,4,2,3,Fair,2,13,13,13,Pass
352,2,M,18,Urban,Less or Equal to 3,Living Together,1,3,at_home,services,course,mother,Less than 15 Minutes,Less than 2 to 5 hours hours,1,no,no,no,no,yes,no,yes,yes,Very Good,Moderate,3,2,3,Fair,7,8,7,8,Fail
353,2,M,19,Rural,Greater than 3,Living Together,1,1,other,other,home,other,30 Minutes to An Hour,Less than 2 to 5 hours hours,1,no,yes,no,no,yes,yes,yes,no,Very Good,High,4,3,3,Very Good,4,8,8,8,Fail
354,2,M,17,Rural,Greater than 3,Living Together,4,3,services,other,home,mother,15 Minutes to 30 Minutes to An Hour0 Minutes,2 to 5 hours,0,no,yes,yes,yes,no,yes,yes,yes,Very Good,Very High,5,1,3,Bad,4,13,11,11,Pass
355,2,F,18,Urban,Greater than 3,Living Together,3,3,services,services,course,father,Less than 15 Minutes,2 to 5 hours,0,no,yes,no,no,yes,yes,no,yes,Excellent,Moderate,4,1,1,Very Good,0,10,9,9,Fail
356,2,F,17,Rural,Greater than 3,Living Together,4,4,teacher,services,other,father,15 Minutes to 30 Minutes to An Hour0 Minutes,2 to 5 hours,0,no,yes,yes,yes,yes,yes,yes,no,Very Good,Moderate,3,1,2,Very Good,4,12,13,13,Pass
357,2,F,17,Urban,Less or Equal to 3,Apart,3,2,services,other,reputation,mother,15 Minutes to 30 Minutes to An Hour0 Minutes,2 to 5 hours,0,no,no,no,no,yes,yes,no,yes,Very Bad,Low,3,1,2,Very Good,2,12,12,11,Pass
358,2,M,18,Urban,Less or Equal to 3,Living Together,1,1,other,services,home,father,15 Minutes to 30 Minutes to An Hour0 Minutes,Less than 2 to 5 hours hours,0,no,no,no,no,no,yes,yes,yes,Good,Moderate,2,1,2,Fair,4,10,10,10,Pass
359,2,F,18,Urban,Less or Equal to 3,Living Together,1,1,at_home,services,course,father,15 Minutes to 30 Minutes to An Hour0 Minutes,5 to 10 hours,0,no,no,no,no,yes,yes,yes,no,Excellent,Moderate,2,1,1,Good,0,18,16,16,Pass
360,2,F,18,Rural,Less or Equal to 3,Apart,1,4,at_home,other,course,mother,30 Minutes to An Hour,2 to 5 hours,0,no,no,no,no,yes,yes,no,yes,Very Good,Moderate,4,1,4,Very Good,0,13,13,13,Pass
361,2,M,18,Rural,Less or Equal to 3,Living Together,1,1,at_home,other,other,mother,15 Minutes to 30 Minutes to An Hour0 Minutes,2 to 5 hours,1,no,no,no,yes,no,no,no,no,Very Good,High,3,2,3,Very Good,2,13,12,12,Pass
362,2,F,18,Urban,Greater than 3,Living Together,3,3,services,services,other,mother,15 Minutes to 30 Minutes to An Hour0 Minutes,2 to 5 hours,0,no,yes,no,no,yes,yes,yes,yes,Very Good,Moderate,2,1,3,Fair,0,11,11,10,Pass
363,2,F,17,Urban,Less or Equal to 3,Living Together,4,4,at_home,at_home,course,mother,Less than 15 Minutes,2 to 5 hours,0,no,yes,yes,yes,yes,yes,yes,yes,Bad,Moderate,4,1,1,Very Bad,0,16,15,15,Pass
364,2,F,17,Rural,Greater than 3,Living Together,1,2,other,services,course,father,15 Minutes to 30 Minutes to An Hour0 Minutes,2 to 5 hours,0,no,no,no,no,no,yes,no,no,Good,Low,2,1,2,Fair,0,12,11,12,Pass
365,2,M,18,Rural,Greater than 3,Living Together,1,3,at_home,other,course,mother,15 Minutes to 30 Minutes to An Hour0 Minutes,2 to 5 hours,0,no,yes,yes,no,yes,yes,no,no,Good,Moderate,4,2,4,Fair,4,10,10,10,Pass
366,2,M,18,Urban,Less or Equal to 3,Living Together,4,4,teacher,services,other,mother,15 Minutes to 30 Minutes to An Hour0 Minutes,5 to 10 hours,0,no,no,yes,no,yes,yes,yes,yes,Very Good,Low,2,2,2,Very Good,0,13,13,13,Pass
367,2,F,17,Rural,Greater than 3,Living Together,1,1,other,services,reputation,mother,30 Minutes to An Hour,Less than 2 to 5 hours hours,1,no,yes,yes,no,yes,yes,yes,yes,Excellent,Low,1,1,2,Very Bad,0,7,6,0,Fail
368,2,F,18,Urban,Greater than 3,Living Together,2,3,at_home,services,course,father,15 Minutes to 30 Minutes to An Hour0 Minutes,Less than 2 to 5 hours hours,0,no,yes,yes,no,yes,yes,yes,yes,Excellent,Low,3,1,2,Good,0,11,10,10,Pass
369,2,F,18,Rural,Greater than 3,Living Together,4,4,other,teacher,other,father,30 Minutes to An Hour,2 to 5 hours,0,no,yes,yes,no,no,yes,yes,yes,Good,Low,2,4,2,Very Good,10,14,12,11,Pass
370,2,F,19,Urban,Less or Equal to 3,Living Together,3,2,services,services,home,other,15 Minutes to 30 Minutes to An Hour0 Minutes,2 to 5 hours,2,no,no,no,yes,yes,yes,no,yes,Good,Low,2,1,1,Fair,4,7,7,9,Fail
371,2,M,18,Rural,Less or Equal to 3,Living Together,1,2,at_home,services,other,father,30 Minutes to An Hour,Less than 2 to 5 hours hours,0,no,yes,yes,yes,yes,no,yes,yes,Very Good,Moderate,3,2,3,Fair,3,14,12,12,Pass
372,2,F,17,Urban,Greater than 3,Living Together,2,2,other,at_home,home,mother,Less than 15 Minutes,5 to 10 hours,0,no,no,no,yes,yes,yes,no,yes,Good,High,3,1,1,Fair,8,13,11,11,Pass
373,2,F,17,Rural,Greater than 3,Living Together,1,2,other,other,course,mother,Less than 15 Minutes,Less than 2 to 5 hours hours,0,no,no,no,yes,yes,yes,yes,no,Good,Very High,5,1,3,Very Bad,14,6,5,5,Fail
374,2,F,18,Rural,Less or Equal to 3,Living Together,4,4,other,other,reputation,mother,15 Minutes to 30 Minutes to An Hour0 Minutes,5 to 10 hours,0,no,no,no,no,yes,yes,yes,no,Excellent,High,4,1,1,Very Bad,0,19,18,19,Pass
375,2,F,18,Rural,Greater than 3,Living Together,1,1,other,other,home,mother,More than an Hour,5 to 10 hours,0,no,no,no,no,yes,yes,yes,no,Very Good,Moderate,2,1,2,Good,2,8,8,10,Pass
376,2,F,20,Urban,Greater than 3,Living Together,4,2,health,other,course,other,15 Minutes to 30 Minutes to An Hour0 Minutes,5 to 10 hours,2,no,yes,yes,no,no,yes,yes,yes,Excellent,High,3,1,1,Fair,4,15,14,15,Pass
377,2,F,18,Rural,Less or Equal to 3,Living Together,4,4,teacher,services,course,mother,Less than 15 Minutes,2 to 5 hours,0,no,no,yes,yes,yes,yes,yes,no,Excellent,High,3,3,4,Bad,4,8,9,10,Pass
378,2,F,18,Urban,Greater than 3,Living Together,3,3,other,other,home,mother,Less than 15 Minutes,2 to 5 hours,0,no,no,yes,no,yes,yes,yes,yes,Very Good,Very Low,3,1,2,Very Bad,0,15,15,15,Pass
379,2,F,17,Rural,Greater than 3,Living Together,3,1,at_home,other,reputation,mother,Less than 15 Minutes,2 to 5 hours,0,no,yes,yes,yes,no,yes,yes,no,Very Good,Very High,4,2,3,Very Bad,17,10,10,10,Pass
380,2,M,18,Urban,Greater than 3,Living Together,4,4,teacher,teacher,home,father,Less than 15 Minutes,2 to 5 hours,0,no,no,yes,yes,no,yes,yes,no,Good,Low,4,1,4,Bad,4,15,14,14,Pass
381,2,M,18,Rural,Greater than 3,Living Together,2,1,other,other,other,mother,15 Minutes to 30 Minutes to An Hour0 Minutes,Less than 2 to 5 hours hours,0,no,no,no,yes,no,yes,yes,yes,Very Good,High,3,1,3,Very Good,5,7,6,7,Fail
382,2,M,17,Urban,Greater than 3,Living Together,2,3,other,services,home,father,15 Minutes to 30 Minutes to An Hour0 Minutes,2 to 5 hours,0,no,no,no,yes,yes,yes,yes,no,Very Good,High,3,1,1,Fair,2,11,11,10,Pass
383,2,M,19,Rural,Greater than 3,Living Together,1,1,other,services,other,mother,15 Minutes to 30 Minutes to An Hour0 Minutes,Less than 2 to 5 hours hours,1,no,no,no,no,yes,yes,no,no,Very Good,Moderate,2,1,3,Very Good,0,6,5,0,Fail
384,2,M,18,Rural,Greater than 3,Living Together,4,2,other,other,home,father,15 Minutes to 30 Minutes to An Hour0 Minutes,Less than 2 to 5 hours hours,1,no,no,yes,no,yes,yes,no,no,Excellent,High,3,4,3,Fair,14,6,5,5,Fail
385,2,F,18,Rural,Greater than 3,Living Together,2,2,at_home,other,other,mother,15 Minutes to 30 Minutes to An Hour0 Minutes,5 to 10 hours,0,no,no,yes,no,yes,yes,no,no,Excellent,Moderate,3,1,3,Good,2,10,9,10,Pass
386,2,F,18,Rural,Greater than 3,Living Together,4,4,teacher,at_home,reputation,mother,30 Minutes to An Hour,Less than 2 to 5 hours hours,0,no,yes,yes,yes,yes,yes,yes,yes,Very Good,High,3,2,2,Very Good,7,6,5,6,Fail
387,2,F,19,Rural,Greater than 3,Living Together,2,3,services,other,course,mother,Less than 15 Minutes,5 to 10 hours,1,no,no,no,yes,no,yes,yes,no,Excellent,High,2,1,2,Very Good,0,7,5,0,Fail
388,2,F,18,Urban,Less or Equal to 3,Living Together,3,1,teacher,services,course,mother,Less than 15 Minutes,2 to 5 hours,0,no,yes,yes,no,yes,yes,yes,no,Very Good,Moderate,4,1,1,Very Bad,0,7,9,8,Fail
389,2,F,18,Urban,Greater than 3,Living Together,1,1,other,other,course,mother,15 Minutes to 30 Minutes to An Hour0 Minutes,2 to 5 hours,1,no,no,no,yes,yes,yes,no,no,Very Bad,Very Low,1,1,1,Very Good,0,6,5,0,Fail
390,2,M,20,Urban,Less or Equal to 3,Apart,2,2,services,services,course,other,Less than 15 Minutes,2 to 5 hours,2,no,yes,yes,no,yes,yes,no,no,Excellent,Very High,4,4,5,Good,11,9,9,9,Fail
391,2,M,17,Urban,Less or Equal to 3,Living Together,3,1,services,services,course,mother,15 Minutes to 30 Minutes to An Hour0 Minutes,Less than 2 to 5 hours hours,0,no,no,no,no,no,yes,yes,no,Bad,High,5,3,4,Bad,3,14,16,16,Pass
392,2,M,21,Rural,Greater than 3,Living Together,1,1,other,other,course,other,Less than 15 Minutes,Less than 2 to 5 hours hours,3,no,no,no,no,no,yes,no,no,Excellent,Very High,3,3,3,Fair,3,10,8,7,Fail
393,2,M,18,Rural,Less or Equal to 3,Living Together,3,2,services,other,course,mother,30 Minutes to An Hour,Less than 2 to 5 hours hours,0,no,no,no,no,no,yes,yes,no,Very Good,High,1,3,4,Very Good,0,11,12,10,Pass
394,2,M,19,Urban,Less or Equal to 3,Living Together,1,1,other,at_home,course,father,Less than 15 Minutes,Less than 2 to 5 hours hours,0,no,no,no,no,yes,yes,yes,no,Good,Low,3,3,3,Very Good,5,8,9,9,Fail
